################################################################################
# Neural network connection values (weights and biases).
################################################################################
# Col  Name       Description
################################################################################
# 1    connection Neural network connection value.
# 2    t          Connection type (a = weight, b = bias).
# 3    index      Index enumerating weights.
# 4    l_s        Starting point layer (end point layer for biases).
# 5    n_s        Starting point neuron in starting layer (end point neuron for biases).
# 6    l_e        End point layer.
# 7    n_e        End point neuron in end layer.
################################################################################
#                      1 2         3     4     5     6     7
#             connection t     index   l_s   n_s   l_e   n_e
############################################################
  2.0459816704496738E+00 a         1     0     1     1     1
  2.8217684164141930E+00 a         2     0     1     1     2
  7.8995614580102727E+00 a         3     0     1     1     3
  9.5341174359122434E+00 a         4     0     1     1     4
 -2.0624159630704875E+00 a         5     0     1     1     5
 -2.2275937703586390E+01 a         6     0     1     1     6
  1.5642528010715711E+01 a         7     0     1     1     7
 -4.6219819743895396E-01 a         8     0     1     1     8
 -4.8458473097422132E+00 a         9     0     1     1     9
 -2.8939095036178530E+00 a        10     0     1     1    10
  2.5840456014900992E-01 a        11     0     1     1    11
 -2.4816989091679869E+00 a        12     0     1     1    12
  1.3356446194908836E+01 a        13     0     1     1    13
 -1.0339097309187013E+01 a        14     0     1     1    14
  1.8026958468083031E+01 a        15     0     1     1    15
  6.7425191965241709E+00 a        16     0     1     1    16
  5.1194339510190527E+00 a        17     0     1     1    17
 -1.7106812536982732E+00 a        18     0     1     1    18
 -1.0931550984719614E+01 a        19     0     1     1    19
  4.4084097426084234E+00 a        20     0     1     1    20
  1.2244218185728887E+01 a        21     0     1     1    21
 -2.8716569812144650E+00 a        22     0     1     1    22
  3.9588025114686443E+00 a        23     0     1     1    23
 -2.1544610594361218E+00 a        24     0     1     1    24
  2.9458208346231745E+00 a        25     0     1     1    25
 -1.0182803760400565E+01 a        26     0     2     1     1
 -1.0995824010918072E+01 a        27     0     2     1     2
 -1.0384430597859874E+01 a        28     0     2     1     3
  1.7915510619992505E+00 a        29     0     2     1     4
  6.0885327075646165E+00 a        30     0     2     1     5
  3.7538752175494309E+01 a        31     0     2     1     6
 -3.4016803370801525E+00 a        32     0     2     1     7
  1.0535196612959451E+01 a        33     0     2     1     8
  2.8405154325281129E-01 a        34     0     2     1     9
  6.5464542236884160E+00 a        35     0     2     1    10
  1.1409440072450391E+01 a        36     0     2     1    11
  2.4072818412788393E+00 a        37     0     2     1    12
 -7.3249294662230753E+00 a        38     0     2     1    13
  1.8395176634326699E+01 a        39     0     2     1    14
 -2.3423358193947138E+01 a        40     0     2     1    15
  4.8925517226640070E+00 a        41     0     2     1    16
 -9.3549678962343013E+00 a        42     0     2     1    17
 -8.1410134643979042E+00 a        43     0     2     1    18
 -1.9012512277986911E+01 a        44     0     2     1    19
 -1.0334105194839388E+01 a        45     0     2     1    20
  2.7107314325275738E+00 a        46     0     2     1    21
 -7.3713484895361212E+00 a        47     0     2     1    22
 -6.5680344549260212E+00 a        48     0     2     1    23
 -6.9563040558146145E+00 a        49     0     2     1    24
  9.8470095292799513E+00 a        50     0     2     1    25
 -9.6023150112149658E+00 a        51     0     3     1     1
 -9.7828300109310966E+00 a        52     0     3     1     2
 -9.9374503848310525E+00 a        53     0     3     1     3
 -1.5592248762672083E+01 a        54     0     3     1     4
 -3.0235206284289036E+00 a        55     0     3     1     5
  2.3930298911406876E+01 a        56     0     3     1     6
 -2.0055240889788390E+01 a        57     0     3     1     7
 -1.0081839365068939E+00 a        58     0     3     1     8
 -4.8147315153680532E+00 a        59     0     3     1     9
  1.7332081777206969E+00 a        60     0     3     1    10
 -2.0754258349455966E+01 a        61     0     3     1    11
  1.3474585900374327E+01 a        62     0     3     1    12
 -1.8922164632653939E+01 a        63     0     3     1    13
  2.6708270202162798E+00 a        64     0     3     1    14
 -1.8768464614473316E+01 a        65     0     3     1    15
 -1.3075589701207475E+01 a        66     0     3     1    16
 -1.4549973755053873E+00 a        67     0     3     1    17
 -5.9244873639097362E-02 a        68     0     3     1    18
  3.6750566192102127E+01 a        69     0     3     1    19
 -1.0149066477352759E+01 a        70     0     3     1    20
 -2.6024622752499052E+01 a        71     0     3     1    21
  1.1186280378016102E+01 a        72     0     3     1    22
 -5.6101164726405628E+00 a        73     0     3     1    23
  5.1944700090976603E+00 a        74     0     3     1    24
 -1.6920812927180716E+01 a        75     0     3     1    25
  3.1826820691943112E+01 a        76     0     4     1     1
  1.7718867719414373E+01 a        77     0     4     1     2
  2.2179531703629511E+01 a        78     0     4     1     3
 -1.5194891318825661E+00 a        79     0     4     1     4
 -6.9100811351390048E+00 a        80     0     4     1     5
 -5.5636166939739546E+01 a        81     0     4     1     6
 -5.4956241437777651E+00 a        82     0     4     1     7
 -1.4931589214480692E+01 a        83     0     4     1     8
 -5.5797922046963033E-01 a        84     0     4     1     9
 -3.0731199741080895E+00 a        85     0     4     1    10
 -1.1405111292109805E+01 a        86     0     4     1    11
 -1.0914435955013122E+01 a        87     0     4     1    12
  8.8491748192330668E+00 a        88     0     4     1    13
 -2.5058112380232057E+01 a        89     0     4     1    14
  2.8714997654182781E+01 a        90     0     4     1    15
 -5.7901416236143328E+00 a        91     0     4     1    16
  6.2934060463096646E+00 a        92     0     4     1    17
  1.5447140876357105E+01 a        93     0     4     1    18
  3.5369878451023673E+01 a        94     0     4     1    19
  1.5862374904903943E+01 a        95     0     4     1    20
 -5.2639490777933053E+00 a        96     0     4     1    21
  4.5096302754187914E+00 a        97     0     4     1    22
  9.9691441017496576E+00 a        98     0     4     1    23
  8.6065602559355696E+00 a        99     0     4     1    24
 -1.2534903374540590E+01 a       100     0     4     1    25
  1.1947020492335611E+01 a       101     0     5     1     1
  2.7481348242027597E+00 a       102     0     5     1     2
  6.2590667850237400E+00 a       103     0     5     1     3
  2.0559665785125421E+01 a       104     0     5     1     4
 -5.1077107746850645E+00 a       105     0     5     1     5
 -1.8676524496351526E+01 a       106     0     5     1     6
 -6.0546177458140704E+00 a       107     0     5     1     7
  2.1272188003640832E+01 a       108     0     5     1     8
 -1.5989352786288048E+01 a       109     0     5     1     9
  6.2650413363902864E+00 a       110     0     5     1    10
  3.8076099220248821E+01 a       111     0     5     1    11
 -1.1678707155075317E+01 a       112     0     5     1    12
  2.8279046285891565E+00 a       113     0     5     1    13
  3.5787295038862075E+00 a       114     0     5     1    14
  4.2702777242368466E+00 a       115     0     5     1    15
  1.3640328287498765E+01 a       116     0     5     1    16
 -5.2607150577739500E-02 a       117     0     5     1    17
 -3.7841687711972904E-01 a       118     0     5     1    18
 -3.6102044649760259E+01 a       119     0     5     1    19
  3.9947392412408949E+00 a       120     0     5     1    20
  2.5240004418763057E+01 a       121     0     5     1    21
 -6.2286955132268380E+00 a       122     0     5     1    22
 -5.1561778906460756E+00 a       123     0     5     1    23
 -1.7787371933948592E+01 a       124     0     5     1    24
  2.6553193291211002E+01 a       125     0     5     1    25
 -5.5798065233122863E+01 a       126     0     6     1     1
  5.6022731376132180E+00 a       127     0     6     1     2
 -2.5822888305510457E+01 a       128     0     6     1     3
 -2.3718908682675568E+01 a       129     0     6     1     4
  6.8295379540733370E-01 a       130     0     6     1     5
  2.5750257425683376E+01 a       131     0     6     1     6
  3.6942962688041092E+01 a       132     0     6     1     7
 -1.6399237155720055E+01 a       133     0     6     1     8
  7.9754999134302684E+00 a       134     0     6     1     9
 -1.3934352770088895E+01 a       135     0     6     1    10
 -9.2414634715508566E+00 a       136     0     6     1    11
  2.4767524734348957E+01 a       137     0     6     1    12
  7.3780841365873884E-01 a       138     0     6     1    13
  1.0085561506061213E+01 a       139     0     6     1    14
  9.1918868159450078E+00 a       140     0     6     1    15
 -1.5410715916637107E+01 a       141     0     6     1    16
  2.4607626787790434E+01 a       142     0     6     1    17
 -1.2156762055661645E+00 a       143     0     6     1    18
 -4.3972822798055873E+01 a       144     0     6     1    19
  2.8769132833058420E+00 a       145     0     6     1    20
  2.4457852782175635E+00 a       146     0     6     1    21
  8.0549637652489050E+00 a       147     0     6     1    22
 -2.3876267133192428E+00 a       148     0     6     1    23
  8.3775958752867048E+00 a       149     0     6     1    24
  8.3296340867028440E-01 a       150     0     6     1    25
  6.0198403948422534E+00 a       151     0     7     1     1
 -6.4150897650347387E+00 a       152     0     7     1     2
 -6.1616376672935189E+00 a       153     0     7     1     3
 -1.9817663567894930E+00 a       154     0     7     1     4
  7.0215784259278315E+00 a       155     0     7     1     5
  1.3551004632690399E+01 a       156     0     7     1     6
  1.9438516844734138E-01 a       157     0     7     1     7
 -3.6770403144550698E+01 a       158     0     7     1     8
  2.7693040170467686E+01 a       159     0     7     1     9
  2.8432476470367600E+00 a       160     0     7     1    10
 -2.5799512387328928E+01 a       161     0     7     1    11
  1.5449065187020837E+01 a       162     0     7     1    12
 -1.6091757690190722E+01 a       163     0     7     1    13
  2.1623637188038862E+00 a       164     0     7     1    14
 -1.5490371335262465E+01 a       165     0     7     1    15
 -1.5351907847159717E+01 a       166     0     7     1    16
  1.0773520238323091E+00 a       167     0     7     1    17
 -4.4067322704638334E+00 a       168     0     7     1    18
  7.9481466290589680E+00 a       169     0     7     1    19
 -9.1091781384225303E+00 a       170     0     7     1    20
 -8.3403754181594039E+00 a       171     0     7     1    21
  4.5528169365038282E+00 a       172     0     7     1    22
  5.1092012997049405E+00 a       173     0     7     1    23
  5.2006829070355582E+00 a       174     0     7     1    24
 -2.4926073433180978E+01 a       175     0     7     1    25
  2.3213174585740557E+01 a       176     0     8     1     1
 -3.6206121387708485E+00 a       177     0     8     1     2
  8.7834420924328072E+00 a       178     0     8     1     3
  1.1505629543680962E+01 a       179     0     8     1     4
  2.4944720423934892E+00 a       180     0     8     1     5
 -5.9249714200329651E-01 a       181     0     8     1     6
 -1.3914011445469603E+01 a       182     0     8     1     7
  1.2612338196550477E+01 a       183     0     8     1     8
 -4.0270767487928971E+00 a       184     0     8     1     9
  5.8714787155629695E+00 a       185     0     8     1    10
  3.1763507048293396E+00 a       186     0     8     1    11
 -1.4406579002170938E+01 a       187     0     8     1    12
  2.9618913112225504E+00 a       188     0     8     1    13
 -3.1176384305889084E+00 a       189     0     8     1    14
 -4.5161235191197449E+00 a       190     0     8     1    15
  6.1711097961050116E+00 a       191     0     8     1    16
 -1.2066655621164227E+01 a       192     0     8     1    17
  7.1759749810539541E-01 a       193     0     8     1    18
  1.8235881491454194E+01 a       194     0     8     1    19
 -1.8428688656091761E+00 a       195     0     8     1    20
 -1.1790761069366058E+00 a       196     0     8     1    21
 -6.9540179812905931E+00 a       197     0     8     1    22
 -1.5128661810547301E+00 a       198     0     8     1    23
 -1.1053401247239842E+01 a       199     0     8     1    24
 -3.0698618460760194E+00 a       200     0     8     1    25
 -1.1926142867272771E+01 a       201     0     9     1     1
  8.1614984084555520E+00 a       202     0     9     1     2
  8.7574578896719302E-01 a       203     0     9     1     3
 -1.9199557999445462E+00 a       204     0     9     1     4
  1.9200216796800151E+00 a       205     0     9     1     5
 -6.9243029351873977E+00 a       206     0     9     1     6
  1.2531662551004201E+00 a       207     0     9     1     7
  1.9127021425155032E+01 a       208     0     9     1     8
 -1.7805045056836352E+01 a       209     0     9     1     9
 -3.6262285040387647E+00 a       210     0     9     1    10
  4.0045429482887540E+00 a       211     0     9     1    11
 -1.1271980364300417E+01 a       212     0     9     1    12
  1.8796191767339220E+01 a       213     0     9     1    13
 -3.8087047146748876E-01 a       214     0     9     1    14
  1.4577038047909300E+01 a       215     0     9     1    15
  5.6359860030899647E+00 a       216     0     9     1    16
 -6.5258636166417237E+00 a       217     0     9     1    17
  4.7098435060723904E+00 a       218     0     9     1    18
  2.1987209906467826E+00 a       219     0     9     1    19
  1.0599223636326474E+01 a       220     0     9     1    20
 -3.9682972002883097E+00 a       221     0     9     1    21
 -3.1084743569470796E+00 a       222     0     9     1    22
  7.8853390674647417E-01 a       223     0     9     1    23
  6.7026653182475338E+00 a       224     0     9     1    24
  1.3528182578916908E+01 a       225     0     9     1    25
  1.7431017617536430E+01 a       226     0    10     1     1
 -1.1828245058673316E+01 a       227     0    10     1     2
  4.3904469799708430E+00 a       228     0    10     1     3
  2.6129010304301779E+01 a       229     0    10     1     4
  5.4172079785875926E+00 a       230     0    10     1     5
  9.7365150180916817E+00 a       231     0    10     1     6
 -6.2470300799034719E+00 a       232     0    10     1     7
  1.7314036535052331E+01 a       233     0    10     1     8
  6.8193887355334892E+00 a       234     0    10     1     9
  5.9014903044471119E+00 a       235     0    10     1    10
  1.8637646496905401E+01 a       236     0    10     1    11
 -6.0289680588614996E+00 a       237     0    10     1    12
 -6.2556429849709225E+00 a       238     0    10     1    13
  5.1719287093285760E-01 a       239     0    10     1    14
 -1.2135461255387792E+01 a       240     0    10     1    15
  5.8821944678137523E+00 a       241     0    10     1    16
 -2.2837482753989445E+01 a       242     0    10     1    17
 -1.2329834987758087E+01 a       243     0    10     1    18
  9.9116012924038497E+00 a       244     0    10     1    19
 -1.0120554688082123E+01 a       245     0    10     1    20
  7.4713950064153045E-01 a       246     0    10     1    21
 -7.1457589752046422E+00 a       247     0    10     1    22
 -9.5052917691865346E-01 a       248     0    10     1    23
 -7.4639647953649941E+00 a       249     0    10     1    24
  2.9797895713071516E+00 a       250     0    10     1    25
  1.6093697365102788E+00 a       251     0    11     1     1
 -3.8717361282842409E+00 a       252     0    11     1     2
  1.4553962250235988E+00 a       253     0    11     1     3
  4.8733552878277955E+00 a       254     0    11     1     4
 -1.5947984198957661E+00 a       255     0    11     1     5
 -7.2342733326217334E-01 a       256     0    11     1     6
  5.2562721289863323E-01 a       257     0    11     1     7
  2.8760774412109673E+00 a       258     0    11     1     8
  1.1761927464609725E+00 a       259     0    11     1     9
 -1.1324364489582423E-02 a       260     0    11     1    10
  1.1290700266290381E+00 a       261     0    11     1    11
  4.0019209220867937E+00 a       262     0    11     1    12
 -6.4961958548763086E+00 a       263     0    11     1    13
 -1.3066068272600728E-01 a       264     0    11     1    14
 -9.2275540090063191E-01 a       265     0    11     1    15
  5.6722214026693267E+00 a       266     0    11     1    16
  4.9327297330489985E+00 a       267     0    11     1    17
 -3.8606372254623471E+00 a       268     0    11     1    18
 -4.4538319462226799E+00 a       269     0    11     1    19
 -1.3382656630451233E+00 a       270     0    11     1    20
  1.6861370652181775E+00 a       271     0    11     1    21
  3.0816125656590878E+00 a       272     0    11     1    22
  1.5963364722908333E+00 a       273     0    11     1    23
  7.0750311336598690E-02 a       274     0    11     1    24
  1.2132370711617608E+00 a       275     0    11     1    25
 -1.3524195067084040E+01 a       276     0    12     1     1
  6.6710060045533135E+00 a       277     0    12     1     2
  9.0451090905637144E-01 a       278     0    12     1     3
 -2.1337370538666793E+01 a       279     0    12     1     4
 -5.0486501016467873E+00 a       280     0    12     1     5
 -9.4636878578181669E+00 a       281     0    12     1     6
 -7.4395125854640236E+00 a       282     0    12     1     7
 -1.0388705686268542E+01 a       283     0    12     1     8
 -1.7871399851951115E+00 a       284     0    12     1     9
  4.4778830123748889E+00 a       285     0    12     1    10
 -1.4753533423976869E+01 a       286     0    12     1    11
 -4.4852922430991615E+00 a       287     0    12     1    12
  3.4761624388814969E+00 a       288     0    12     1    13
 -2.1397777788765365E-01 a       289     0    12     1    14
  5.8952419853109062E-01 a       290     0    12     1    15
  7.3480625778243311E+00 a       291     0    12     1    16
  1.3101769331697989E+01 a       292     0    12     1    17
  1.0771010166071378E+01 a       293     0    12     1    18
 -1.4367309638118633E+00 a       294     0    12     1    19
  7.8986043227010549E+00 a       295     0    12     1    20
 -7.7829716812945970E-01 a       296     0    12     1    21
  5.6069578939669444E+00 a       297     0    12     1    22
  3.3433024975892862E+00 a       298     0    12     1    23
  1.1479341262603628E+01 a       299     0    12     1    24
  3.5410994670423777E+00 a       300     0    12     1    25
 -1.2937634451739350E+00 a       301     0    13     1     1
  1.1355199329454524E+00 a       302     0    13     1     2
 -3.6025814362719366E-01 a       303     0    13     1     3
 -3.2865977348932511E+00 a       304     0    13     1     4
  7.1697582201757415E-01 a       305     0    13     1     5
  8.4704990848207784E-01 a       306     0    13     1     6
  5.7563942008867663E-01 a       307     0    13     1     7
 -6.5142366427931508E-01 a       308     0    13     1     8
  1.8965598731410922E+00 a       309     0    13     1     9
 -1.9654448385276377E-01 a       310     0    13     1    10
 -1.5647330747650592E-02 a       311     0    13     1    11
 -1.4712915704718079E+00 a       312     0    13     1    12
  2.5431132519286161E+00 a       313     0    13     1    13
  1.0773950789837021E+00 a       314     0    13     1    14
 -7.4921822932267276E-02 a       315     0    13     1    15
 -2.7124341454009140E+00 a       316     0    13     1    16
 -7.7901562082783191E-02 a       317     0    13     1    17
  1.5544733257354475E+00 a       318     0    13     1    18
  3.0693451390114896E+00 a       319     0    13     1    19
 -8.8299083135595735E-01 a       320     0    13     1    20
  7.2492247906215534E-01 a       321     0    13     1    21
 -2.3216752283902986E+00 a       322     0    13     1    22
 -3.1673368089130585E+00 a       323     0    13     1    23
  1.3848478994279432E+00 a       324     0    13     1    24
 -2.2274284803258206E+00 a       325     0    13     1    25
  8.3519721312542696E+00 a       326     0    14     1     1
 -2.8420550668140736E+00 a       327     0    14     1     2
  9.5329897647884165E-01 a       328     0    14     1     3
  8.2885967339771049E+00 a       329     0    14     1     4
  2.5220708136194916E+00 a       330     0    14     1     5
  3.2606708013758059E+00 a       331     0    14     1     6
  5.6125951264272143E+00 a       332     0    14     1     7
  4.7960272748798696E+00 a       333     0    14     1     8
  1.7907086405386379E+00 a       334     0    14     1     9
 -2.8413666731949694E+00 a       335     0    14     1    10
  7.0403635268443789E+00 a       336     0    14     1    11
  5.2205203106172249E+00 a       337     0    14     1    12
 -2.8044723405926919E+00 a       338     0    14     1    13
 -7.2108963273977023E-01 a       339     0    14     1    14
  1.2111481025173960E+00 a       340     0    14     1    15
 -4.2596580406797688E+00 a       341     0    14     1    16
 -3.7434590216885955E+00 a       342     0    14     1    17
 -4.4234176375538858E+00 a       343     0    14     1    18
  3.6132623148720722E-01 a       344     0    14     1    19
 -4.4033961894401843E+00 a       345     0    14     1    20
  2.6157029840807549E+00 a       346     0    14     1    21
 -2.8351424163908145E-01 a       347     0    14     1    22
 -1.4751696640117196E+00 a       348     0    14     1    23
 -3.2380294947978334E+00 a       349     0    14     1    24
 -1.8123086204858048E+00 a       350     0    14     1    25
 -1.7579755641017947E-01 a       351     0    15     1     1
 -9.5600149788362787E-01 a       352     0    15     1     2
  1.1191944455334847E-02 a       353     0    15     1     3
 -4.8475226574019481E-02 a       354     0    15     1     4
  1.0543282639674321E+00 a       355     0    15     1     5
 -8.5457458217168725E-01 a       356     0    15     1     6
 -1.9902993862662035E+00 a       357     0    15     1     7
  6.3220768597275967E-01 a       358     0    15     1     8
 -2.0420628354602175E+00 a       359     0    15     1     9
 -4.1877091009882163E-02 a       360     0    15     1    10
 -1.0765112115896203E+00 a       361     0    15     1    11
  7.8976145773720685E-01 a       362     0    15     1    12
 -8.9677489707018943E-01 a       363     0    15     1    13
  7.8112192794631963E-01 a       364     0    15     1    14
 -2.0009731682690667E-02 a       365     0    15     1    15
  1.8797448633240292E+00 a       366     0    15     1    16
  1.6535245739618032E-01 a       367     0    15     1    17
 -8.6028544405020602E-01 a       368     0    15     1    18
 -1.6965393178445110E+00 a       369     0    15     1    19
 -4.8782946874562383E-01 a       370     0    15     1    20
 -8.2607073369300987E-01 a       371     0    15     1    21
  1.6526897176925677E+00 a       372     0    15     1    22
 -8.5986575401217358E-01 a       373     0    15     1    23
  3.6164622530797036E-01 a       374     0    15     1    24
 -2.7925443295349706E-01 a       375     0    15     1    25
 -2.6297006342255056E+00 a       376     0    16     1     1
  3.9782557922896417E-01 a       377     0    16     1     2
 -1.1112508896533866E+00 a       378     0    16     1     3
 -9.3326092317329490E-01 a       379     0    16     1     4
  1.3526581142709371E-01 a       380     0    16     1     5
 -1.0390053228339484E+00 a       381     0    16     1     6
 -2.1217634810208597E+00 a       382     0    16     1     7
 -1.1036759418510915E+00 a       383     0    16     1     8
 -1.9902793793713986E+00 a       384     0    16     1     9
 -1.8126763006466926E-01 a       385     0    16     1    10
 -8.2049444402786242E-01 a       386     0    16     1    11
 -1.5182864387633435E+00 a       387     0    16     1    12
 -6.2267874917363142E-01 a       388     0    16     1    13
  9.2578804255005853E-01 a       389     0    16     1    14
 -4.1547441544390767E-01 a       390     0    16     1    15
  1.3679774255602375E+00 a       391     0    16     1    16
  2.5690587191493125E-01 a       392     0    16     1    17
  4.4198498534441644E-01 a       393     0    16     1    18
  3.2907191659601759E-01 a       394     0    16     1    19
  8.8768327474570285E-01 a       395     0    16     1    20
 -1.3515613633932126E+00 a       396     0    16     1    21
 -5.7578951001647605E-01 a       397     0    16     1    22
  3.0465462080074074E-01 a       398     0    16     1    23
  1.9112600995221529E-01 a       399     0    16     1    24
  9.7741748820462027E-01 a       400     0    16     1    25
  7.5839698274212619E+00 a       401     0    17     1     1
  4.8823166673390244E+00 a       402     0    17     1     2
  2.8009509660639331E+00 a       403     0    17     1     3
 -1.3600021957234901E+01 a       404     0    17     1     4
  1.4094093266258826E+01 a       405     0    17     1     5
  1.4605706234376179E+00 a       406     0    17     1     6
  6.6793665462250846E+00 a       407     0    17     1     7
 -1.7450017696360486E+01 a       408     0    17     1     8
  8.4101003010659170E+00 a       409     0    17     1     9
 -1.8626949676657055E+01 a       410     0    17     1    10
 -4.3982581695750174E+00 a       411     0    17     1    11
 -8.4190452893259859E+00 a       412     0    17     1    12
  1.6894167526936952E+00 a       413     0    17     1    13
  1.0726448921535143E+00 a       414     0    17     1    14
  4.1428220057448828E-01 a       415     0    17     1    15
 -1.7482435099538222E+01 a       416     0    17     1    16
 -3.0872909622739089E+00 a       417     0    17     1    17
 -1.4050150854377061E+00 a       418     0    17     1    18
 -1.0037802648339213E+01 a       419     0    17     1    19
 -3.9077307284833975E+00 a       420     0    17     1    20
 -2.0099298634862901E+01 a       421     0    17     1    21
 -1.4577179935355394E+01 a       422     0    17     1    22
 -3.0701826494987658E+00 a       423     0    17     1    23
  1.9830879678644727E+01 a       424     0    17     1    24
  3.9081795626698810E+00 a       425     0    17     1    25
  3.1456298877263937E+00 a       426     0    18     1     1
 -1.7497532935680911E+00 a       427     0    18     1     2
  4.2248848597409894E-01 a       428     0    18     1     3
 -2.0504832170036799E+01 a       429     0    18     1     4
 -8.2012426197197570E+00 a       430     0    18     1     5
  2.2190368006326202E+00 a       431     0    18     1     6
 -1.0570207539111056E+01 a       432     0    18     1     7
  2.8310197428063377E+00 a       433     0    18     1     8
 -8.9420180395191693E+00 a       434     0    18     1     9
 -4.1734938105651738E+00 a       435     0    18     1    10
 -4.8235318639558216E+00 a       436     0    18     1    11
  1.5075265482012017E+00 a       437     0    18     1    12
 -5.0645224384610605E+00 a       438     0    18     1    13
  5.1072515669037992E+00 a       439     0    18     1    14
 -1.0493136661422466E-01 a       440     0    18     1    15
  3.7189411277970499E+00 a       441     0    18     1    16
  7.1550671408492663E+00 a       442     0    18     1    17
  2.5583401014316434E+00 a       443     0    18     1    18
 -3.2416161125113439E+00 a       444     0    18     1    19
 -6.9767635078668189E+00 a       445     0    18     1    20
  7.2229569548141388E+00 a       446     0    18     1    21
 -2.4198579282819237E+00 a       447     0    18     1    22
 -7.1546917713952078E+00 a       448     0    18     1    23
 -1.2456594685686836E+01 a       449     0    18     1    24
 -3.0804634341998954E-01 a       450     0    18     1    25
  3.8962488028656574E+00 a       451     0    19     1     1
  1.9002533140437887E+00 a       452     0    19     1     2
 -2.1037878644083867E+00 a       453     0    19     1     3
  1.8062590144838806E+00 a       454     0    19     1     4
  3.2339996489441374E+00 a       455     0    19     1     5
 -2.3662416344342221E+00 a       456     0    19     1     6
  2.7755492845026777E-02 a       457     0    19     1     7
  1.4209027029680070E+00 a       458     0    19     1     8
 -4.5601184371233314E+00 a       459     0    19     1     9
  3.3177267589810140E+00 a       460     0    19     1    10
 -1.7923720074802398E+00 a       461     0    19     1    11
 -1.7098195620407413E+00 a       462     0    19     1    12
 -3.4777516622648244E+00 a       463     0    19     1    13
  1.5584014683995964E+00 a       464     0    19     1    14
 -2.2076450838221608E-02 a       465     0    19     1    15
 -3.4223148251918638E+00 a       466     0    19     1    16
 -1.0030511964711171E+00 a       467     0    19     1    17
  8.9340896791381041E-01 a       468     0    19     1    18
 -8.6228333527284007E-01 a       469     0    19     1    19
  1.9739688946961742E+00 a       470     0    19     1    20
 -9.9523468853283670E-01 a       471     0    19     1    21
  5.4182928792248504E+00 a       472     0    19     1    22
  1.1565867897223501E+00 a       473     0    19     1    23
 -2.4647137824828874E-01 a       474     0    19     1    24
  1.4810432211450124E+00 a       475     0    19     1    25
  1.0225917989928730E+00 a       476     0    20     1     1
 -1.8788380862034346E+00 a       477     0    20     1     2
 -1.0123096272301712E+01 a       478     0    20     1     3
  6.8731043690916307E+00 a       479     0    20     1     4
 -5.0032940010166405E+00 a       480     0    20     1     5
  1.9613655146451499E+01 a       481     0    20     1     6
 -7.1406321108735247E+00 a       482     0    20     1     7
 -2.3648283021019761E-02 a       483     0    20     1     8
  3.6485505071518695E+01 a       484     0    20     1     9
  2.5501932020260805E+00 a       485     0    20     1    10
  1.8229499700005427E+01 a       486     0    20     1    11
  5.6329055068715117E-01 a       487     0    20     1    12
 -1.1678428503494494E+01 a       488     0    20     1    13
  1.1817644447486025E+01 a       489     0    20     1    14
 -2.0513283347525174E+01 a       490     0    20     1    15
 -2.1065482516550574E+01 a       491     0    20     1    16
 -2.2776598723115622E+01 a       492     0    20     1    17
 -1.3014721083151425E+01 a       493     0    20     1    18
 -2.2751454181090281E+01 a       494     0    20     1    19
  5.7607339615072579E+00 a       495     0    20     1    20
  4.4621365047348416E+00 a       496     0    20     1    21
 -5.8610380916544280E-01 a       497     0    20     1    22
  5.6506863747853755E+00 a       498     0    20     1    23
 -1.9257126383197878E+00 a       499     0    20     1    24
  1.2685877041200695E+00 a       500     0    20     1    25
 -2.4557519985497889E-01 a       501     0    21     1     1
  7.4478618627799378E+00 a       502     0    21     1     2
  3.1741203041495697E-01 a       503     0    21     1     3
  5.5032349434132719E+00 a       504     0    21     1     4
  1.0343140440094021E+00 a       505     0    21     1     5
 -8.3165441941472302E+00 a       506     0    21     1     6
  1.0412540446799660E+01 a       507     0    21     1     7
 -1.3003170127726650E+01 a       508     0    21     1     8
 -8.8578517447656342E+00 a       509     0    21     1     9
  4.7294333772661554E+00 a       510     0    21     1    10
  9.5819023917240944E+00 a       511     0    21     1    11
  4.0494884356663947E+00 a       512     0    21     1    12
  1.6164483743996122E+01 a       513     0    21     1    13
  1.8743744165969927E+00 a       514     0    21     1    14
 -3.9160364909305589E+00 a       515     0    21     1    15
  1.5099916674899312E+01 a       516     0    21     1    16
  1.7151474880148335E+01 a       517     0    21     1    17
  5.5425780932073447E+00 a       518     0    21     1    18
  1.9479605715137424E+01 a       519     0    21     1    19
  4.0095071357628944E+00 a       520     0    21     1    20
 -6.9690967450673256E+00 a       521     0    21     1    21
 -1.3200421524603285E+00 a       522     0    21     1    22
  4.3607238505884016E+00 a       523     0    21     1    23
  7.0905282864299011E+00 a       524     0    21     1    24
 -5.4174870519777309E+00 a       525     0    21     1    25
 -4.7681424938821024E+00 a       526     0    22     1     1
 -2.7917753202563698E+00 a       527     0    22     1     2
  4.8925230715159757E-01 a       528     0    22     1     3
  8.9638733676105353E+00 a       529     0    22     1     4
 -1.7562301543702044E+00 a       530     0    22     1     5
  1.0456336785678504E+00 a       531     0    22     1     6
 -2.3837646364926348E+00 a       532     0    22     1     7
  2.3130560903324313E+00 a       533     0    22     1     8
  9.1148253308211515E+00 a       534     0    22     1     9
 -1.4177275009724771E-01 a       535     0    22     1    10
 -1.2151426686602458E-01 a       536     0    22     1    11
  3.6297582297080222E-01 a       537     0    22     1    12
 -2.2516134690930958E+00 a       538     0    22     1    13
 -4.8830154978542897E+00 a       539     0    22     1    14
  3.3558473377878560E-02 a       540     0    22     1    15
  2.7792281317087197E+00 a       541     0    22     1    16
 -2.2948588386322122E+00 a       542     0    22     1    17
 -1.7875191810552835E+00 a       543     0    22     1    18
  4.1987821702141859E-01 a       544     0    22     1    19
 -1.3617928765188210E+00 a       545     0    22     1    20
  4.5839136809088945E+00 a       546     0    22     1    21
 -9.7551333036520627E-01 a       547     0    22     1    22
 -2.5163480405669830E-01 a       548     0    22     1    23
 -8.0021414048224915E-01 a       549     0    22     1    24
 -1.3032456827560730E+00 a       550     0    22     1    25
  1.2721609709656529E+00 a       551     0    23     1     1
  1.2087882284706897E+00 a       552     0    23     1     2
 -9.8058753958138123E-01 a       553     0    23     1     3
 -2.4236599146682658E+00 a       554     0    23     1     4
  2.1283739741744601E+00 a       555     0    23     1     5
 -4.2214145069014514E-01 a       556     0    23     1     6
 -5.5905167989215154E-01 a       557     0    23     1     7
 -5.5566948110132608E-01 a       558     0    23     1     8
 -4.2094813472553103E-02 a       559     0    23     1     9
  1.5308374145624819E+00 a       560     0    23     1    10
  1.3340328324381119E+00 a       561     0    23     1    11
 -4.4820875399452531E-01 a       562     0    23     1    12
 -1.5905053362626320E+00 a       563     0    23     1    13
  1.7589527926230155E+00 a       564     0    23     1    14
 -1.8598511605776686E+00 a       565     0    23     1    15
  6.5129288257723253E-02 a       566     0    23     1    16
  2.0015906048776438E-01 a       567     0    23     1    17
  1.1149841236560365E+00 a       568     0    23     1    18
  1.8440545000560247E+00 a       569     0    23     1    19
  3.1755061881036095E-01 a       570     0    23     1    20
  4.5182488610259258E-01 a       571     0    23     1    21
  1.1195120469459805E+00 a       572     0    23     1    22
  1.9701110270597921E-01 a       573     0    23     1    23
 -5.0707478682881883E-02 a       574     0    23     1    24
  6.0687515074661191E-01 a       575     0    23     1    25
  8.1569835182438410E+00 a       576     0    24     1     1
  3.8511879315345090E+00 a       577     0    24     1     2
 -7.8875938715081806E-02 a       578     0    24     1     3
 -2.4143010490074008E+01 a       579     0    24     1     4
  6.5495855463743053E+00 a       580     0    24     1     5
  1.6324821090452941E+00 a       581     0    24     1     6
 -3.5695506350696764E+00 a       582     0    24     1     7
  3.4258996749027886E+00 a       583     0    24     1     8
  1.1841694065356709E+01 a       584     0    24     1     9
  3.1284341696981990E+00 a       585     0    24     1    10
 -2.8858627896074451E+00 a       586     0    24     1    11
 -1.0390963966792949E+01 a       587     0    24     1    12
 -6.9097916465078590E+00 a       588     0    24     1    13
  1.0607735209638562E+01 a       589     0    24     1    14
  9.1869795645459817E-01 a       590     0    24     1    15
  9.0225681488786265E+00 a       591     0    24     1    16
  4.5376589348023302E+00 a       592     0    24     1    17
  7.4247691735214154E+00 a       593     0    24     1    18
  4.2922490190918312E+00 a       594     0    24     1    19
 -1.8908993898689427E-01 a       595     0    24     1    20
  3.3853590805161748E+00 a       596     0    24     1    21
  7.0592172023512854E+00 a       597     0    24     1    22
  3.9090304382154035E+00 a       598     0    24     1    23
  9.1513171274847842E+00 a       599     0    24     1    24
  9.9526313083062394E+00 a       600     0    24     1    25
 -1.8141976727274642E+01 a       601     0    25     1     1
 -4.7860786045738841E+00 a       602     0    25     1     2
 -3.2624210780603664E+00 a       603     0    25     1     3
  2.3802906452745233E+01 a       604     0    25     1     4
 -1.7281331208866561E+01 a       605     0    25     1     5
  3.8795798419654539E+00 a       606     0    25     1     6
  9.9218703524877174E+00 a       607     0    25     1     7
  3.6765271550989439E+01 a       608     0    25     1     8
 -1.1490970888360939E+01 a       609     0    25     1     9
  1.9358854570589159E+01 a       610     0    25     1    10
 -6.1383318049728797E-02 a       611     0    25     1    11
  7.6011175431841371E+00 a       612     0    25     1    12
  1.0418201725807377E+01 a       613     0    25     1    13
 -2.7849265499383269E+00 a       614     0    25     1    14
  8.0092891737727623E+00 a       615     0    25     1    15
  3.8145722564561218E+01 a       616     0    25     1    16
  4.2327059881101929E+00 a       617     0    25     1    17
  2.5601854447182903E+00 a       618     0    25     1    18
  1.9310847609612008E+01 a       619     0    25     1    19
  1.1995316019559462E+01 a       620     0    25     1    20
  2.4248832816612200E+01 a       621     0    25     1    21
  2.0322935114248793E+01 a       622     0    25     1    22
  1.6895322293847229E+01 a       623     0    25     1    23
 -1.1977811936473405E+01 a       624     0    25     1    24
  1.7953310635823403E+00 a       625     0    25     1    25
 -9.6475720440290456E+00 a       626     0    26     1     1
  7.8846339241003633E+00 a       627     0    26     1     2
  1.4231137900637695E+01 a       628     0    26     1     3
 -1.4882528988171460E+01 a       629     0    26     1     4
  2.4800527670999060E+01 a       630     0    26     1     5
 -2.3168508872497771E+01 a       631     0    26     1     6
  8.4541479580788934E+00 a       632     0    26     1     7
 -2.3340134633444580E+00 a       633     0    26     1     8
 -2.1838731383088192E+01 a       634     0    26     1     9
 -2.7297523694485273E+00 a       635     0    26     1    10
 -2.1107925899167270E+01 a       636     0    26     1    11
 -1.2114957631597720E+01 a       637     0    26     1    12
  1.4220082162207186E+01 a       638     0    26     1    13
 -1.5796370011404264E+01 a       639     0    26     1    14
  3.5248512009959207E+01 a       640     0    26     1    15
  2.2856726456848040E+01 a       641     0    26     1    16
  1.9289440469061944E+01 a       642     0    26     1    17
  2.1848974060582947E+01 a       643     0    26     1    18
  2.1699787982163688E+01 a       644     0    26     1    19
  2.0498186092260412E-01 a       645     0    26     1    20
 -6.6125965544589347E+00 a       646     0    26     1    21
 -5.0718712556603940E-01 a       647     0    26     1    22
 -3.9762151247423860E+00 a       648     0    26     1    23
  1.1097674367604823E+01 a       649     0    26     1    24
  5.6213342940065072E+00 a       650     0    26     1    25
 -5.4570508167169978E+00 a       651     0    27     1     1
 -1.6510484404772721E+00 a       652     0    27     1     2
  1.7085646358655577E+00 a       653     0    27     1     3
  1.3389583748024647E+01 a       654     0    27     1     4
 -1.2370097552822992E+00 a       655     0    27     1     5
 -5.6832250564807751E-01 a       656     0    27     1     6
  1.6817723659389370E+00 a       657     0    27     1     7
 -3.0592425078761236E+00 a       658     0    27     1     8
  6.7965037560538324E+00 a       659     0    27     1     9
 -1.1528452943771714E+00 a       660     0    27     1    10
  3.5924819699412893E+00 a       661     0    27     1    11
  3.6534535252143479E+00 a       662     0    27     1    12
  4.5807326766147360E+00 a       663     0    27     1    13
 -5.0114235836866659E+00 a       664     0    27     1    14
  1.3743274642581960E+00 a       665     0    27     1    15
  2.1353484942385786E-01 a       666     0    27     1    16
 -3.3029826856008899E+00 a       667     0    27     1    17
 -3.4916670494781323E+00 a       668     0    27     1    18
 -4.4645662835137950E-01 a       669     0    27     1    19
  3.3428180463101465E-01 a       670     0    27     1    20
 -2.3324554640153803E+00 a       671     0    27     1    21
 -4.9488134774228394E+00 a       672     0    27     1    22
  1.0126842171968753E+00 a       673     0    27     1    23
  2.6898403329898719E+00 a       674     0    27     1    24
 -3.4281607902999931E+00 a       675     0    27     1    25
 -5.1147843095501004E+00 a       676     0    28     1     1
 -9.5513143203238240E+00 a       677     0    28     1     2
 -7.4454831441023317E-01 a       678     0    28     1     3
  1.3196199679759516E+01 a       679     0    28     1     4
 -9.4753013349026070E+00 a       680     0    28     1     5
  2.3736034568234827E+00 a       681     0    28     1     6
 -2.0981416080424760E+00 a       682     0    28     1     7
  1.7589024129935702E+00 a       683     0    28     1     8
 -3.5983685481080414E+01 a       684     0    28     1     9
 -2.4595100108617242E+01 a       685     0    28     1    10
 -1.8503243693694021E+01 a       686     0    28     1    11
  8.6891779411440435E+00 a       687     0    28     1    12
  1.6136072088147550E+01 a       688     0    28     1    13
 -1.1505834498291268E+01 a       689     0    28     1    14
  6.4223858523549655E+00 a       690     0    28     1    15
 -3.2673597604991308E+01 a       691     0    28     1    16
 -1.8512452420626804E+01 a       692     0    28     1    17
 -1.1881988172183965E+01 a       693     0    28     1    18
 -2.4527728351360516E+01 a       694     0    28     1    19
  3.0185562822716721E+00 a       695     0    28     1    20
 -5.5045319691241241E+00 a       696     0    28     1    21
 -6.2006804723553222E+00 a       697     0    28     1    22
 -1.1601408756701947E+01 a       698     0    28     1    23
 -1.3851856305344620E+01 a       699     0    28     1    24
 -1.1567417129643411E+01 a       700     0    28     1    25
  1.9844462894695172E-01 a       701     0    29     1     1
 -1.7240564804521949E-02 a       702     0    29     1     2
  5.8685814635852440E-01 a       703     0    29     1     3
 -5.7672436123907145E-01 a       704     0    29     1     4
 -1.0395551428898768E+00 a       705     0    29     1     5
  1.8239236892197466E-01 a       706     0    29     1     6
 -1.4289002623795546E+00 a       707     0    29     1     7
 -1.2205258628696225E+00 a       708     0    29     1     8
  3.4226995730873450E-01 a       709     0    29     1     9
  9.7171596432786578E-01 a       710     0    29     1    10
 -1.1899984554548755E+00 a       711     0    29     1    11
  7.7695514334429805E-01 a       712     0    29     1    12
 -6.4871064524044542E-01 a       713     0    29     1    13
 -2.4506884522198577E-01 a       714     0    29     1    14
  8.7484072851108086E-01 a       715     0    29     1    15
 -8.0615687685450932E-01 a       716     0    29     1    16
  3.8120178149856210E-01 a       717     0    29     1    17
 -2.8165370347461090E-02 a       718     0    29     1    18
 -1.6445079760014125E+00 a       719     0    29     1    19
 -7.8764970351069907E-01 a       720     0    29     1    20
  3.7259220476490168E-01 a       721     0    29     1    21
 -1.0023005523031090E+00 a       722     0    29     1    22
 -8.6538112692201141E-01 a       723     0    29     1    23
 -1.5981213519448529E+00 a       724     0    29     1    24
 -5.3326387520480534E-01 a       725     0    29     1    25
  1.9176083910471116E+00 a       726     0    30     1     1
 -6.7260072324515408E-01 a       727     0    30     1     2
 -9.8485257002875537E-01 a       728     0    30     1     3
  3.7266836213581058E+00 a       729     0    30     1     4
 -4.2377093151425784E+00 a       730     0    30     1     5
  3.1995249255463915E-01 a       731     0    30     1     6
  1.6908970623840211E-01 a       732     0    30     1     7
  1.3594016365707298E+00 a       733     0    30     1     8
 -5.1494444922865918E+00 a       734     0    30     1     9
  3.2399311412509455E+00 a       735     0    30     1    10
  6.3611048085727306E-01 a       736     0    30     1    11
  3.0820661697055356E+00 a       737     0    30     1    12
 -1.8599233487158264E+00 a       738     0    30     1    13
 -4.3190003060710047E-01 a       739     0    30     1    14
 -2.5944075185540498E+00 a       740     0    30     1    15
  2.8708638654116396E+00 a       741     0    30     1    16
  6.7957631184987777E-01 a       742     0    30     1    17
 -1.4079614058717334E+00 a       743     0    30     1    18
  1.6673508123758363E+00 a       744     0    30     1    19
 -3.4936735996855517E+00 a       745     0    30     1    20
 -1.0184729665767849E+00 a       746     0    30     1    21
 -3.0815353491815822E-01 a       747     0    30     1    22
 -1.6484251797662557E+00 a       748     0    30     1    23
 -5.7932835387274029E+00 a       749     0    30     1    24
 -2.9840978411706880E+00 a       750     0    30     1    25
  1.6818771215317458E+01 a       751     0    31     1     1
  2.4078352949480846E+00 a       752     0    31     1     2
  1.1633444733565956E+00 a       753     0    31     1     3
 -1.9141565483972926E+01 a       754     0    31     1     4
  6.5203415498975579E+00 a       755     0    31     1     5
 -1.8005730339437132E+00 a       756     0    31     1     6
 -1.1768711463440324E+01 a       757     0    31     1     7
 -2.7746723477731017E+01 a       758     0    31     1     8
  9.1705701994490987E+00 a       759     0    31     1     9
 -3.6278755949543293E+00 a       760     0    31     1    10
  8.3228582854292341E+00 a       761     0    31     1    11
 -1.6599995245185653E+00 a       762     0    31     1    12
 -1.6655550735170095E+01 a       763     0    31     1    13
 -2.6736167141829825E-01 a       764     0    31     1    14
 -1.5368217346133305E+01 a       765     0    31     1    15
 -2.7720827352555521E+01 a       766     0    31     1    16
  3.5791383654405429E-02 a       767     0    31     1    17
 -8.7456401924573191E-01 a       768     0    31     1    18
 -6.0811469873619286E+00 a       769     0    31     1    19
 -1.2143216658389827E+01 a       770     0    31     1    20
 -1.0271662565950978E+01 a       771     0    31     1    21
 -5.2216945296905841E+00 a       772     0    31     1    22
 -2.3243835159304929E+01 a       773     0    31     1    23
 -1.1112169034179455E+01 a       774     0    31     1    24
 -1.4261951725397855E+01 a       775     0    31     1    25
  5.6493301279496224E+00 a       776     0    32     1     1
  3.8538086003328947E-01 a       777     0    32     1     2
 -7.2427684333932341E-01 a       778     0    32     1     3
 -2.1740371780468917E+00 a       779     0    32     1     4
  2.6514073941186718E+00 a       780     0    32     1     5
 -1.1574463037664005E+00 a       781     0    32     1     6
 -5.4090822762685031E-01 a       782     0    32     1     7
  1.9246721393809334E+00 a       783     0    32     1     8
 -2.6093780068629098E+00 a       784     0    32     1     9
 -1.6652289181160920E+00 a       785     0    32     1    10
 -2.8078509916085004E+00 a       786     0    32     1    11
 -9.9413294860683410E-01 a       787     0    32     1    12
 -1.5556067365780883E+00 a       788     0    32     1    13
  2.1855332660625031E+00 a       789     0    32     1    14
 -6.7144695158870671E-01 a       790     0    32     1    15
 -1.3340585604889823E+00 a       791     0    32     1    16
 -3.4459790562079640E+00 a       792     0    32     1    17
 -4.2515620316074126E-01 a       793     0    32     1    18
 -1.5946740469638720E+00 a       794     0    32     1    19
 -4.4706531066593325E-01 a       795     0    32     1    20
 -1.1852526709809359E+00 a       796     0    32     1    21
  2.2113514895061259E+00 a       797     0    32     1    22
  2.3447587383367958E+00 a       798     0    32     1    23
  4.1080201573194746E+00 a       799     0    32     1    24
  2.7835605713478908E+00 a       800     0    32     1    25
 -2.2109879237568308E+00 a       801     0    33     1     1
 -7.3412840595188655E-01 a       802     0    33     1     2
  3.4943413394881889E-01 a       803     0    33     1     3
 -5.9793938251446209E-02 a       804     0    33     1     4
 -5.8668056742543162E-01 a       805     0    33     1     5
  9.3499791912051400E-01 a       806     0    33     1     6
  9.0485500289465715E-01 a       807     0    33     1     7
 -9.7664659602810555E-01 a       808     0    33     1     8
  3.6754076878120241E+00 a       809     0    33     1     9
  4.3720825430276805E-01 a       810     0    33     1    10
  1.3610382345305072E+00 a       811     0    33     1    11
 -5.8854105124412570E-01 a       812     0    33     1    12
  1.8779955928768861E+00 a       813     0    33     1    13
  3.6618984645445923E-01 a       814     0    33     1    14
  9.2217546055418453E-01 a       815     0    33     1    15
 -9.2961445756559236E-02 a       816     0    33     1    16
 -6.9381452606756022E-01 a       817     0    33     1    17
 -5.6721071745281892E-01 a       818     0    33     1    18
  8.1021943597675089E-02 a       819     0    33     1    19
 -1.8550349631476526E-01 a       820     0    33     1    20
 -9.7881999720744595E-01 a       821     0    33     1    21
 -2.0511313450855728E+00 a       822     0    33     1    22
  1.6786714036366304E-01 a       823     0    33     1    23
  7.9577690184003047E-01 a       824     0    33     1    24
  5.4050069974238857E-01 a       825     0    33     1    25
  3.6356850990141707E+00 a       826     0    34     1     1
 -4.8628119632198805E+00 a       827     0    34     1     2
 -4.5107236141940392E+00 a       828     0    34     1     3
  3.9458451189074313E+00 a       829     0    34     1     4
 -1.7312572698339451E+01 a       830     0    34     1     5
  9.8691271480392171E+00 a       831     0    34     1     6
  2.0037352590318958E+00 a       832     0    34     1     7
  1.5152540432499093E+00 a       833     0    34     1     8
  1.2560998069948528E+01 a       834     0    34     1     9
  3.6088096389998808E-01 a       835     0    34     1    10
  8.0971681357508576E+00 a       836     0    34     1    11
  7.4969337657618800E+00 a       837     0    34     1    12
 -4.9442137654811438E+00 a       838     0    34     1    13
  7.1007376785628287E+00 a       839     0    34     1    14
 -1.4667981370571798E+01 a       840     0    34     1    15
 -1.1787582343134586E+01 a       841     0    34     1    16
 -3.6805999237743228E+00 a       842     0    34     1    17
 -1.0892234022196559E+01 a       843     0    34     1    18
 -2.0041631152783133E+00 a       844     0    34     1    19
 -1.3901631325870956E+00 a       845     0    34     1    20
  5.3876840196966933E+00 a       846     0    34     1    21
 -3.9449999790557442E+00 a       847     0    34     1    22
  4.6164480428710961E+00 a       848     0    34     1    23
 -1.3593503852449071E+00 a       849     0    34     1    24
 -3.0717489744273898E+00 a       850     0    34     1    25
 -1.6278703828509267E+00 a       851     0    35     1     1
  1.2867604272883390E-01 a       852     0    35     1     2
  2.1267865654293656E+00 a       853     0    35     1     3
  1.5916439204862982E+00 a       854     0    35     1     4
 -1.4012797694013295E+00 a       855     0    35     1     5
 -2.1294381212353701E+00 a       856     0    35     1     6
 -9.6530310512148249E-02 a       857     0    35     1     7
 -2.9839218366918513E-01 a       858     0    35     1     8
  1.7891431286481588E+01 a       859     0    35     1     9
  1.4073767678746689E+01 a       860     0    35     1    10
  1.0833163777460777E+01 a       861     0    35     1    11
 -4.6046535534937184E-02 a       862     0    35     1    12
 -1.2316878275303868E+01 a       863     0    35     1    13
  1.3417999244050935E-01 a       864     0    35     1    14
 -6.5500602031659554E+00 a       865     0    35     1    15
  1.1941271475137841E+01 a       866     0    35     1    16
  5.4576980203738410E+00 a       867     0    35     1    17
  1.2428104943092493E+00 a       868     0    35     1    18
  6.8809847273804703E+00 a       869     0    35     1    19
 -2.7277673800349764E+00 a       870     0    35     1    20
  5.2553870357079084E+00 a       871     0    35     1    21
  4.3954349750631234E+00 a       872     0    35     1    22
  3.6653932962105418E+00 a       873     0    35     1    23
  5.2441394702063233E+00 a       874     0    35     1    24
  5.8316015240218029E+00 a       875     0    35     1    25
  2.4715581349280527E+00 a       876     0    36     1     1
  1.1817830352519552E+00 a       877     0    36     1     2
 -2.6804413880382183E-01 a       878     0    36     1     3
 -1.4605805114979604E+00 a       879     0    36     1     4
  4.3600179009504725E-01 a       880     0    36     1     5
 -7.2738913204113320E-01 a       881     0    36     1     6
  9.3531475094221905E-01 a       882     0    36     1     7
 -1.3533081044683035E-01 a       883     0    36     1     8
 -2.8382294711729101E+00 a       884     0    36     1     9
  8.8234605771885677E-01 a       885     0    36     1    10
  6.0315956478947741E-01 a       886     0    36     1    11
  6.5388117963724157E-01 a       887     0    36     1    12
 -1.4990421428998237E+00 a       888     0    36     1    13
  1.1024561464465494E+00 a       889     0    36     1    14
  2.5154424475596443E-01 a       890     0    36     1    15
 -1.4895368454601021E+00 a       891     0    36     1    16
  1.1003639076661684E+00 a       892     0    36     1    17
  7.2364113321575141E-01 a       893     0    36     1    18
 -1.1146411865870043E-01 a       894     0    36     1    19
  7.1435548738848526E-02 a       895     0    36     1    20
 -1.2023704843053913E+00 a       896     0    36     1    21
  7.7633386245013614E-01 a       897     0    36     1    22
 -3.6971855726153822E-02 a       898     0    36     1    23
 -1.5901440336683905E+00 a       899     0    36     1    24
 -1.6289624380043416E-01 a       900     0    36     1    25
 -1.3537993332235288E+01 a       901     0    37     1     1
 -1.2974938320801872E+00 a       902     0    37     1     2
  1.4677907305041688E-01 a       903     0    37     1     3
 -5.7837306298636926E-01 a       904     0    37     1     4
  7.9162970657107623E+00 a       905     0    37     1     5
 -3.5935962636381142E+00 a       906     0    37     1     6
 -3.1874732693703995E+00 a       907     0    37     1     7
  2.4483728920390675E+00 a       908     0    37     1     8
 -1.6443221957562326E+01 a       909     0    37     1     9
 -6.8796516944029209E+00 a       910     0    37     1    10
 -5.5571128395073695E+00 a       911     0    37     1    11
 -7.2355690044857948E+00 a       912     0    37     1    12
  9.8707250993782303E+00 a       913     0    37     1    13
  9.5353931090055633E-01 a       914     0    37     1    14
  3.6068115115546315E+00 a       915     0    37     1    15
  8.3691972654036917E+00 a       916     0    37     1    16
 -6.6086119270370549E+00 a       917     0    37     1    17
  1.8335914340135442E+00 a       918     0    37     1    18
  1.6934925752910579E+00 a       919     0    37     1    19
  1.2357414444509702E+01 a       920     0    37     1    20
  1.6714778888177111E+00 a       921     0    37     1    21
 -1.7213366127447607E+00 a       922     0    37     1    22
  5.5104126333837353E+00 a       923     0    37     1    23
  2.3402378498397751E+00 a       924     0    37     1    24
  7.2938030609512241E+00 a       925     0    37     1    25
 -9.2007279311623993E+00 a       926     0    38     1     1
 -1.4277604065319827E+00 a       927     0    38     1     2
  2.8203322848623152E-01 a       928     0    38     1     3
 -1.6193244948819239E+00 a       929     0    38     1     4
  6.9493778568905089E+00 a       930     0    38     1     5
 -2.9866197501301692E+00 a       931     0    38     1     6
 -2.9692035082094725E+00 a       932     0    38     1     7
 -2.2606649247315827E-01 a       933     0    38     1     8
 -1.5289961798814563E+01 a       934     0    38     1     9
 -3.2648067095420630E+00 a       935     0    38     1    10
 -3.6551991637955141E+00 a       936     0    38     1    11
 -5.6630240930648643E+00 a       937     0    38     1    12
  5.5338291300209175E+00 a       938     0    38     1    13
  6.5068688585590950E-01 a       939     0    38     1    14
  1.1322512899377342E-01 a       940     0    38     1    15
  5.4563895998171468E+00 a       941     0    38     1    16
 -4.1325992433678067E+00 a       942     0    38     1    17
  1.3651687573069682E+00 a       943     0    38     1    18
  2.1548716208404599E+00 a       944     0    38     1    19
  8.5969099006809238E+00 a       945     0    38     1    20
  8.1942392664554178E-02 a       946     0    38     1    21
 -1.2303989140249356E+00 a       947     0    38     1    22
  4.5550428482722899E-01 a       948     0    38     1    23
 -3.1802391644233492E-02 a       949     0    38     1    24
  2.9491032104031087E+00 a       950     0    38     1    25
  1.1209258622982826E+01 a       951     0    39     1     1
  3.2511200122779016E+00 a       952     0    39     1     2
 -6.5658281957150677E-01 a       953     0    39     1     3
  7.6069005621645642E+00 a       954     0    39     1     4
 -1.2049389871374766E+01 a       955     0    39     1     5
  3.8560096214471424E+00 a       956     0    39     1     6
  7.9601044636304907E+00 a       957     0    39     1     7
  8.3509792210446019E+00 a       958     0    39     1     8
  1.5362216115929476E+01 a       959     0    39     1     9
  6.0419109218645453E+00 a       960     0    39     1    10
  1.4769802412793693E+00 a       961     0    39     1    11
  7.5334518356651010E+00 a       962     0    39     1    12
 -3.7875179778594137E+00 a       963     0    39     1    13
 -4.0564937884752039E+00 a       964     0    39     1    14
  7.5212091999704471E+00 a       965     0    39     1    15
 -1.7553679583147044E+00 a       966     0    39     1    16
  7.0648910760262709E+00 a       967     0    39     1    17
  2.0084736353259709E+00 a       968     0    39     1    18
 -2.7102998629254400E+00 a       969     0    39     1    19
 -1.0435905805948291E+01 a       970     0    39     1    20
  1.0773523291292633E+00 a       971     0    39     1    21
  2.7806540564173088E+00 a       972     0    39     1    22
  6.1408673088573487E+00 a       973     0    39     1    23
 -7.7531046238985413E-01 a       974     0    39     1    24
  3.9978337160808575E-01 a       975     0    39     1    25
  1.4692933186756623E+01 a       976     0    40     1     1
  2.7412685397655956E+00 a       977     0    40     1     2
 -6.1321071277336392E-01 a       978     0    40     1     3
  5.7972622648094898E+00 a       979     0    40     1     4
 -1.0820882663179715E+01 a       980     0    40     1     5
  3.5203814063670928E+00 a       981     0    40     1     6
  6.9737113009250260E+00 a       982     0    40     1     7
  3.2155263238414453E+00 a       983     0    40     1     8
  1.2600683708122942E+01 a       984     0    40     1     9
  9.7602392407102236E+00 a       985     0    40     1    10
  2.7405445597365938E+00 a       986     0    40     1    11
  8.5781101633619290E+00 a       987     0    40     1    12
 -8.4441356786426098E+00 a       988     0    40     1    13
 -4.0770240689152430E+00 a       989     0    40     1    14
  1.4865462758797856E+00 a       990     0    40     1    15
 -3.8319084347358698E+00 a       991     0    40     1    16
  8.7980780082744054E+00 a       992     0    40     1    17
  8.4449429618911931E-01 a       993     0    40     1    18
 -1.8244138020067266E+00 a       994     0    40     1    19
 -1.2983666791539237E+01 a       995     0    40     1    20
 -2.1400090907832885E+00 a       996     0    40     1    21
  2.8527312872360819E+00 a       997     0    40     1    22
 -9.1386755105067663E-01 a       998     0    40     1    23
 -3.5126394587985432E+00 a       999     0    40     1    24
 -4.5333520562200169E+00 a      1000     0    40     1    25
 -3.8267832075407910E+00 a      1001     0    41     1     1
 -2.0421590515900645E+00 a      1002     0    41     1     2
 -2.5421913957186848E-01 a      1003     0    41     1     3
 -2.4260915341846188E+00 a      1004     0    41     1     4
  3.3426141982931523E+00 a      1005     0    41     1     5
 -1.3993134471983586E+00 a      1006     0    41     1     6
 -1.9318866889913236E-01 a      1007     0    41     1     7
  5.8370931116124236E-01 a      1008     0    41     1     8
 -3.7481140749536466E+00 a      1009     0    41     1     9
 -1.4567505883090472E+00 a      1010     0    41     1    10
  2.7184919093461271E+00 a      1011     0    41     1    11
 -4.6097326277995831E+00 a      1012     0    41     1    12
  2.8959369722099568E+00 a      1013     0    41     1    13
  1.0090776348296850E+00 a      1014     0    41     1    14
 -1.6579625838891121E+00 a      1015     0    41     1    15
  1.6541507219426319E+00 a      1016     0    41     1    16
 -3.4873576829246553E+00 a      1017     0    41     1    17
  3.7834060391903679E-01 a      1018     0    41     1    18
  1.6592115949374666E+00 a      1019     0    41     1    19
  4.9807654686574603E+00 a      1020     0    41     1    20
 -5.1817638813483047E-01 a      1021     0    41     1    21
 -1.4375808031768296E+00 a      1022     0    41     1    22
  2.5767607265594852E+00 a      1023     0    41     1    23
  2.8204064019396000E+00 a      1024     0    41     1    24
  4.0022329609045979E+00 a      1025     0    41     1    25
 -5.8968959942838621E+00 a      1026     0    42     1     1
 -1.7169341636550856E-01 a      1027     0    42     1     2
  1.2040099158647138E-01 a      1028     0    42     1     3
 -3.3634721508623864E+00 a      1029     0    42     1     4
  8.2803184577599396E+00 a      1030     0    42     1     5
 -1.4384059983296069E+00 a      1031     0    42     1     6
 -5.0726319477522939E+00 a      1032     0    42     1     7
 -2.0067647430048208E+00 a      1033     0    42     1     8
 -1.9818813585940760E+00 a      1034     0    42     1     9
 -6.6786063978671670E+00 a      1035     0    42     1    10
 -6.3755089154125510E-01 a      1036     0    42     1    11
 -5.2771610543276672E+00 a      1037     0    42     1    12
  4.3337268892924969E+00 a      1038     0    42     1    13
  1.3599250107555489E+00 a      1039     0    42     1    14
  1.7831374821299220E+00 a      1040     0    42     1    15
  2.0137327634430466E+00 a      1041     0    42     1    16
 -3.1200149906480110E+00 a      1042     0    42     1    17
  9.5508758598908083E-01 a      1043     0    42     1    18
 -1.0616628901961871E+00 a      1044     0    42     1    19
  5.2111613317871255E+00 a      1045     0    42     1    20
  1.1191707616559443E+00 a      1046     0    42     1    21
 -2.9596259372544370E-01 a      1047     0    42     1    22
 -8.1353299703164728E-01 a      1048     0    42     1    23
  2.3833538135588195E+00 a      1049     0    42     1    24
  2.4650135068338965E+00 a      1050     0    42     1    25
 -1.4645344616017415E+00 b      1051     1     1
  1.0685888203851908E+00 b      1052     1     2
 -8.9882231228381348E-01 b      1053     1     3
  5.8747989491170238E-01 b      1054     1     4
  7.0690689956871014E-02 b      1055     1     5
 -9.3549329998775199E-01 b      1056     1     6
 -1.7422841570129194E-01 b      1057     1     7
 -1.0623949912977890E+00 b      1058     1     8
 -1.8722466236403605E+00 b      1059     1     9
 -1.9676252477659925E-01 b      1060     1    10
 -1.9961468864964338E+00 b      1061     1    11
 -9.7279366527022670E-01 b      1062     1    12
 -8.3881121544984361E-01 b      1063     1    13
  4.1841151466503079E-01 b      1064     1    14
 -2.3386149103486040E-01 b      1065     1    15
  9.2657976633537265E-01 b      1066     1    16
  6.3370570810624705E-01 b      1067     1    17
  8.1063594584170995E-01 b      1068     1    18
  5.4207117438731178E-01 b      1069     1    19
 -2.5339605814840965E-01 b      1070     1    20
  8.5137824395736428E-01 b      1071     1    21
 -1.3951149157903239E-01 b      1072     1    22
  1.8357774970216854E+00 b      1073     1    23
 -6.3499225025217110E-01 b      1074     1    24
  7.8706950968112399E-01 b      1075     1    25
 -5.3478955953034746E-01 a      1076     1     1     2     1
  1.6137478988981182E+00 a      1077     1     1     2     2
  2.8779677051426749E+00 a      1078     1     1     2     3
 -2.6333575753551428E+00 a      1079     1     1     2     4
 -2.0281842945925406E+00 a      1080     1     1     2     5
  4.4354702303684046E-01 a      1081     1     1     2     6
  4.9426470978897266E+00 a      1082     1     1     2     7
 -4.0138158093988601E+00 a      1083     1     1     2     8
  3.8657652034524022E+00 a      1084     1     1     2     9
 -9.8157084688408087E+00 a      1085     1     1     2    10
 -1.0871200137931492E+00 a      1086     1     1     2    11
 -1.9704903923873469E+00 a      1087     1     1     2    12
  6.9993263793824942E+00 a      1088     1     1     2    13
  2.8585945932197583E+00 a      1089     1     1     2    14
  2.7660610871491154E-01 a      1090     1     1     2    15
 -3.7248806797059936E-01 a      1091     1     1     2    16
  2.6524319267775698E+00 a      1092     1     1     2    17
 -1.8288322730634121E-01 a      1093     1     1     2    18
 -3.4309253861308826E+00 a      1094     1     1     2    19
 -2.7353222736993517E+00 a      1095     1     1     2    20
 -2.8205737435305629E+00 a      1096     1     1     2    21
 -2.4914499122479530E+00 a      1097     1     1     2    22
 -1.3281556911772019E+00 a      1098     1     1     2    23
  4.2898130604115453E-01 a      1099     1     1     2    24
 -5.0328974035563618E+00 a      1100     1     1     2    25
 -7.9688181449316853E-01 a      1101     1     2     2     1
 -3.0633463540641381E+00 a      1102     1     2     2     2
 -3.1113275266472101E-01 a      1103     1     2     2     3
 -6.5039153075710021E-01 a      1104     1     2     2     4
  3.1288367193917477E+00 a      1105     1     2     2     5
  9.3494686098163149E-01 a      1106     1     2     2     6
 -1.8538762735883113E-01 a      1107     1     2     2     7
  2.1945605605947405E+00 a      1108     1     2     2     8
 -1.7299732467183293E+00 a      1109     1     2     2     9
 -5.5853557002754437E+00 a      1110     1     2     2    10
 -1.1550291974862235E+00 a      1111     1     2     2    11
  3.5257787410402830E-01 a      1112     1     2     2    12
  1.6479716814043550E+00 a      1113     1     2     2    13
 -2.6081074210700170E+00 a      1114     1     2     2    14
 -1.3072030841602380E+00 a      1115     1     2     2    15
  9.7546557447789273E-01 a      1116     1     2     2    16
 -4.5315447129080627E-01 a      1117     1     2     2    17
  2.5770247509215154E+00 a      1118     1     2     2    18
  6.3239791357677011E-01 a      1119     1     2     2    19
 -1.4748411958139754E-01 a      1120     1     2     2    20
  2.2544501628634048E+00 a      1121     1     2     2    21
  3.0229671459806564E+00 a      1122     1     2     2    22
  2.6788075026938820E+00 a      1123     1     2     2    23
 -2.0213244188896043E-01 a      1124     1     2     2    24
 -8.5376343653614502E+00 a      1125     1     2     2    25
  1.0977849401707156E+00 a      1126     1     3     2     1
  3.5214481622135685E-01 a      1127     1     3     2     2
  1.4082008843192138E+00 a      1128     1     3     2     3
  7.2337476218702135E-01 a      1129     1     3     2     4
  2.3404689932666103E+00 a      1130     1     3     2     5
 -1.3031408530261006E+00 a      1131     1     3     2     6
 -2.7463466924325282E+00 a      1132     1     3     2     7
  6.7529420189358022E-02 a      1133     1     3     2     8
 -1.6417863216392781E-01 a      1134     1     3     2     9
  4.6572850564743851E+00 a      1135     1     3     2    10
  1.1374178436650415E+00 a      1136     1     3     2    11
  5.9591343907261463E-01 a      1137     1     3     2    12
 -3.9897025747108517E+00 a      1138     1     3     2    13
  6.1268493692158610E-01 a      1139     1     3     2    14
  1.1132872222206134E+00 a      1140     1     3     2    15
 -3.8208953366020715E-01 a      1141     1     3     2    16
  1.0773789888604492E+00 a      1142     1     3     2    17
 -2.0566954315462338E+00 a      1143     1     3     2    18
  6.6791845416301960E+00 a      1144     1     3     2    19
  4.3483156257833429E+00 a      1145     1     3     2    20
  1.4222055482751066E+00 a      1146     1     3     2    21
 -5.3198366550468690E-01 a      1147     1     3     2    22
 -6.2483394068874187E-01 a      1148     1     3     2    23
 -4.4969657807595231E-01 a      1149     1     3     2    24
  1.0750372974851109E+01 a      1150     1     3     2    25
 -2.2037090404380826E+00 a      1151     1     4     2     1
  1.4287006752594886E+00 a      1152     1     4     2     2
  2.2785860946121179E+00 a      1153     1     4     2     3
  2.1610881941943336E-01 a      1154     1     4     2     4
  7.9783311445684946E-01 a      1155     1     4     2     5
 -6.4450012140452650E-02 a      1156     1     4     2     6
 -2.4824236316407644E+00 a      1157     1     4     2     7
  2.8655674084307583E-03 a      1158     1     4     2     8
  1.4670742920420925E+00 a      1159     1     4     2     9
  3.8669081956666540E+00 a      1160     1     4     2    10
 -5.6770874403110672E-01 a      1161     1     4     2    11
 -2.1921550712921445E-01 a      1162     1     4     2    12
  2.3207564444661496E-01 a      1163     1     4     2    13
  2.9675162720391968E-01 a      1164     1     4     2    14
 -2.3116276684242959E-01 a      1165     1     4     2    15
  3.6101077502500450E-01 a      1166     1     4     2    16
 -6.0515531594566518E-02 a      1167     1     4     2    17
 -3.1976672543264870E+00 a      1168     1     4     2    18
  2.0076966195076876E-01 a      1169     1     4     2    19
  1.5511555154470943E-01 a      1170     1     4     2    20
  3.1248852513727470E+00 a      1171     1     4     2    21
  3.9560747484746323E-01 a      1172     1     4     2    22
 -6.2391593487076298E-02 a      1173     1     4     2    23
 -2.9117656474178122E-01 a      1174     1     4     2    24
  3.4501603567962560E+00 a      1175     1     4     2    25
  1.4544780971012810E+00 a      1176     1     5     2     1
  1.3620551212913137E+00 a      1177     1     5     2     2
 -8.7088816915273848E-01 a      1178     1     5     2     3
  5.8825619425012765E-01 a      1179     1     5     2     4
  2.3260080641260203E-01 a      1180     1     5     2     5
 -3.2171859749536819E-01 a      1181     1     5     2     6
 -4.3325970717219873E+00 a      1182     1     5     2     7
 -3.2101503370483714E-01 a      1183     1     5     2     8
  3.6209177993529909E+00 a      1184     1     5     2     9
 -7.4877116268405670E+00 a      1185     1     5     2    10
  6.4156162891412638E-01 a      1186     1     5     2    11
 -3.3803046036077761E-01 a      1187     1     5     2    12
 -8.7476983602558206E-02 a      1188     1     5     2    13
 -8.5869590890399333E-02 a      1189     1     5     2    14
  4.0346414208186754E-01 a      1190     1     5     2    15
  7.0104079923590135E-01 a      1191     1     5     2    16
  4.2691258623592554E-01 a      1192     1     5     2    17
  2.3085421681765013E+00 a      1193     1     5     2    18
 -2.6093657352038511E+00 a      1194     1     5     2    19
  2.1158347850358270E+00 a      1195     1     5     2    20
 -1.0145892215125047E+00 a      1196     1     5     2    21
  6.7387962982673089E-01 a      1197     1     5     2    22
 -3.2316016486857463E-01 a      1198     1     5     2    23
  3.6599929409777754E-01 a      1199     1     5     2    24
  8.7097257057103650E-01 a      1200     1     5     2    25
  9.0784046057463819E-01 a      1201     1     6     2     1
 -4.7715775813732580E-01 a      1202     1     6     2     2
  2.6194109588237655E+00 a      1203     1     6     2     3
  2.3370479714195833E-01 a      1204     1     6     2     4
 -1.4001436555670026E+00 a      1205     1     6     2     5
  1.1362649497971733E+00 a      1206     1     6     2     6
  3.1933576290511345E+00 a      1207     1     6     2     7
  1.0138556153765284E-01 a      1208     1     6     2     8
  1.9550300143292125E+00 a      1209     1     6     2     9
  1.5137411510572408E+01 a      1210     1     6     2    10
 -6.7687283354697803E-01 a      1211     1     6     2    11
  1.8199023464017086E-01 a      1212     1     6     2    12
 -5.2326177203342610E+00 a      1213     1     6     2    13
 -3.4252381895183914E-01 a      1214     1     6     2    14
 -2.5102418021504119E-01 a      1215     1     6     2    15
  1.2116700437914469E+00 a      1216     1     6     2    16
  2.2679053510051568E+00 a      1217     1     6     2    17
 -4.7348738174255525E+00 a      1218     1     6     2    18
 -2.2660687821368404E+00 a      1219     1     6     2    19
  2.2640044931132994E-01 a      1220     1     6     2    20
 -2.5058154866218159E+00 a      1221     1     6     2    21
 -1.2657477822975849E+00 a      1222     1     6     2    22
 -2.0441668508569669E-01 a      1223     1     6     2    23
  8.1144749477006695E-01 a      1224     1     6     2    24
 -6.5218183572819166E+00 a      1225     1     6     2    25
 -9.5935093957087725E-01 a      1226     1     7     2     1
 -1.3485999664057875E+00 a      1227     1     7     2     2
 -3.3730522023930378E+00 a      1228     1     7     2     3
  5.0405269673577069E-01 a      1229     1     7     2     4
  3.3102783934010410E-01 a      1230     1     7     2     5
 -1.4361938422336745E-01 a      1231     1     7     2     6
 -6.4547749392815295E+00 a      1232     1     7     2     7
  2.7484447932427314E-01 a      1233     1     7     2     8
 -1.4994573946159395E-01 a      1234     1     7     2     9
 -1.0379201710182501E+01 a      1235     1     7     2    10
 -3.0716680076030733E-01 a      1236     1     7     2    11
 -2.6563578787688596E-01 a      1237     1     7     2    12
 -1.9231523855693402E+00 a      1238     1     7     2    13
 -1.4682813847995726E+00 a      1239     1     7     2    14
  1.9308845113326048E-01 a      1240     1     7     2    15
  4.0467750206368774E-01 a      1241     1     7     2    16
 -2.9632813474072872E-01 a      1242     1     7     2    17
  8.4692906122257591E-02 a      1243     1     7     2    18
  8.0610899086018317E-01 a      1244     1     7     2    19
 -9.7454965836456686E-01 a      1245     1     7     2    20
  1.3972977105782318E+00 a      1246     1     7     2    21
  3.8620866635588152E-01 a      1247     1     7     2    22
 -1.3221326168412473E-01 a      1248     1     7     2    23
  4.5436167281908113E-01 a      1249     1     7     2    24
 -1.7374688909579064E+00 a      1250     1     7     2    25
  2.5546046160811007E+00 a      1251     1     8     2     1
  6.8880521885857893E-01 a      1252     1     8     2     2
 -1.1040605425480281E+00 a      1253     1     8     2     3
 -1.5974330531092831E-01 a      1254     1     8     2     4
  1.7681870870080818E+00 a      1255     1     8     2     5
  1.0312053807620898E+00 a      1256     1     8     2     6
 -8.4875084916542427E+00 a      1257     1     8     2     7
  1.9889581305730952E-01 a      1258     1     8     2     8
 -3.1172304529056865E+00 a      1259     1     8     2     9
  1.9324293683064295E+00 a      1260     1     8     2    10
 -3.0309419765479095E-01 a      1261     1     8     2    11
 -1.3276389778989046E+00 a      1262     1     8     2    12
  7.9170209300367134E+00 a      1263     1     8     2    13
  9.4755509894615328E-02 a      1264     1     8     2    14
 -2.3764671343194261E+00 a      1265     1     8     2    15
  2.3460736363967657E-01 a      1266     1     8     2    16
  2.1702432599138399E+00 a      1267     1     8     2    17
  1.2638656253635535E+01 a      1268     1     8     2    18
  4.4240460383543861E-01 a      1269     1     8     2    19
 -1.1294993698153564E+00 a      1270     1     8     2    20
 -1.2047604285491879E-01 a      1271     1     8     2    21
  3.6457610362783206E+00 a      1272     1     8     2    22
  8.0579882785075541E-01 a      1273     1     8     2    23
 -3.1987802704210694E-01 a      1274     1     8     2    24
 -3.3104308102868498E+00 a      1275     1     8     2    25
  1.1473003948879688E+00 a      1276     1     9     2     1
 -8.8238119459898845E-01 a      1277     1     9     2     2
 -1.0358063584664678E+00 a      1278     1     9     2     3
 -4.6408117046748842E-01 a      1279     1     9     2     4
 -1.6043728112179987E+00 a      1280     1     9     2     5
 -3.1066901918079776E-01 a      1281     1     9     2     6
  2.6889528398763907E+00 a      1282     1     9     2     7
 -1.6643129865345052E+00 a      1283     1     9     2     8
  1.2778557313569849E+00 a      1284     1     9     2     9
 -5.8845870606376871E-01 a      1285     1     9     2    10
  9.7857497206182406E-02 a      1286     1     9     2    11
 -7.0014570142243659E-01 a      1287     1     9     2    12
 -5.4726292555428842E+00 a      1288     1     9     2    13
  7.8702883173864113E-01 a      1289     1     9     2    14
 -8.9742701552461640E-02 a      1290     1     9     2    15
 -1.2646980324830497E+00 a      1291     1     9     2    16
 -9.6245743418507695E-02 a      1292     1     9     2    17
 -7.7999746251395665E+00 a      1293     1     9     2    18
 -2.1661097529400530E+00 a      1294     1     9     2    19
 -3.2884502693883350E-01 a      1295     1     9     2    20
  2.1063141346003915E+00 a      1296     1     9     2    21
 -8.1360615021955962E-01 a      1297     1     9     2    22
 -4.9830859833022025E-02 a      1298     1     9     2    23
 -9.0739888668559066E-01 a      1299     1     9     2    24
  4.7861866504423922E+00 a      1300     1     9     2    25
 -1.4972436704017793E+00 a      1301     1    10     2     1
  3.2685828569893499E-01 a      1302     1    10     2     2
  8.6316961294658001E-01 a      1303     1    10     2     3
 -2.9049364162408831E-01 a      1304     1    10     2     4
  1.1706255915340751E+00 a      1305     1    10     2     5
 -1.3814566166777958E-01 a      1306     1    10     2     6
  3.5808490625768696E+00 a      1307     1    10     2     7
  2.5664634342772408E-01 a      1308     1    10     2     8
 -2.3531983867660877E-01 a      1309     1    10     2     9
 -2.9777924558246252E+00 a      1310     1    10     2    10
 -3.1159096791218177E-01 a      1311     1    10     2    11
 -4.0369433767340301E-01 a      1312     1    10     2    12
  2.6610687724033339E+00 a      1313     1    10     2    13
 -3.8063514216221594E-01 a      1314     1    10     2    14
  1.8547811646337289E-01 a      1315     1    10     2    15
  3.1501190922756905E-01 a      1316     1    10     2    16
  2.6251757554684024E-01 a      1317     1    10     2    17
 -1.0469676157847734E+00 a      1318     1    10     2    18
 -1.7334133143403563E+00 a      1319     1    10     2    19
  6.5241802722256403E-01 a      1320     1    10     2    20
 -2.7852144338932763E+00 a      1321     1    10     2    21
  7.7597987952133152E-01 a      1322     1    10     2    22
  3.9197769229371029E-02 a      1323     1    10     2    23
  3.4866934717509751E-01 a      1324     1    10     2    24
 -2.2810447585440135E+00 a      1325     1    10     2    25
 -4.9990064546308233E+00 a      1326     1    11     2     1
  2.5508417434635549E+00 a      1327     1    11     2     2
  2.6476770202096289E+00 a      1328     1    11     2     3
 -1.0764414320387661E+00 a      1329     1    11     2     4
  3.8830190379034883E+00 a      1330     1    11     2     5
 -2.1252590311400993E-01 a      1331     1    11     2     6
  4.4361752566472878E+00 a      1332     1    11     2     7
 -2.8587215960793042E+00 a      1333     1    11     2     8
 -2.0254193309845236E+00 a      1334     1    11     2     9
 -8.4264173594817642E+00 a      1335     1    11     2    10
 -1.5615903472212342E+00 a      1336     1    11     2    11
  9.9998085789606117E-01 a      1337     1    11     2    12
 -4.6847917183974781E+00 a      1338     1    11     2    13
 -5.4108788353733885E+00 a      1339     1    11     2    14
 -2.8958674118074943E+00 a      1340     1    11     2    15
  8.2186005260685069E-01 a      1341     1    11     2    16
 -2.6988900826782083E+00 a      1342     1    11     2    17
 -6.5887248711831088E+00 a      1343     1    11     2    18
 -6.1179095750926766E+00 a      1344     1    11     2    19
  2.6826780593484495E-01 a      1345     1    11     2    20
  6.6495208939461836E+00 a      1346     1    11     2    21
  1.4073571697199196E+00 a      1347     1    11     2    22
  1.7947008773644417E+00 a      1348     1    11     2    23
 -5.2245595717691529E-01 a      1349     1    11     2    24
 -2.9177916400226880E+00 a      1350     1    11     2    25
 -1.5204480092534642E+00 a      1351     1    12     2     1
  7.8683394253997521E-02 a      1352     1    12     2     2
 -1.5381499466554573E+00 a      1353     1    12     2     3
  8.9878899249022859E-01 a      1354     1    12     2     4
  2.2555193623975259E-01 a      1355     1    12     2     5
  8.9006465392521072E-01 a      1356     1    12     2     6
 -5.2747303597651998E+00 a      1357     1    12     2     7
  1.4359767545144482E+00 a      1358     1    12     2     8
  2.4348619645952922E+00 a      1359     1    12     2     9
  8.9100697208477744E+00 a      1360     1    12     2    10
  9.2503837525700527E-01 a      1361     1    12     2    11
  1.2404456404081339E+00 a      1362     1    12     2    12
  6.0613040931179685E-01 a      1363     1    12     2    13
  6.7657235976356533E-01 a      1364     1    12     2    14
 -2.1688978651330850E+00 a      1365     1    12     2    15
 -1.0626255767370902E+00 a      1366     1    12     2    16
 -1.2964401788254329E+00 a      1367     1    12     2    17
  4.9818624994851737E+00 a      1368     1    12     2    18
  4.3758599671012259E+00 a      1369     1    12     2    19
 -1.6387272511471895E+00 a      1370     1    12     2    20
 -8.2491442024357609E-01 a      1371     1    12     2    21
  2.8652744205463438E+00 a      1372     1    12     2    22
  1.1734155139154787E+00 a      1373     1    12     2    23
 -4.5413911863247181E-01 a      1374     1    12     2    24
 -6.2952855415033904E+00 a      1375     1    12     2    25
  2.3533283614674336E+00 a      1376     1    13     2     1
  7.0615114895686115E-01 a      1377     1    13     2     2
  8.1448908039182710E-01 a      1378     1    13     2     3
  2.5891790692503658E-01 a      1379     1    13     2     4
 -2.3849128737922314E+00 a      1380     1    13     2     5
  7.3844915633331587E-01 a      1381     1    13     2     6
 -4.3734259661469723E+00 a      1382     1    13     2     7
  2.5782399627960584E-01 a      1383     1    13     2     8
  4.4704404904052607E-02 a      1384     1    13     2     9
  2.7052395528598008E+00 a      1385     1    13     2    10
  8.9959727915108437E-02 a      1386     1    13     2    11
 -5.5702926490939619E-01 a      1387     1    13     2    12
  6.3242747970185338E+00 a      1388     1    13     2    13
  1.5343499253044250E+00 a      1389     1    13     2    14
 -7.6647231194842957E-01 a      1390     1    13     2    15
 -2.1324686486917521E-01 a      1391     1    13     2    16
 -1.3176803412799962E+00 a      1392     1    13     2    17
  1.4358045227375600E+01 a      1393     1    13     2    18
 -3.8975470105952672E+00 a      1394     1    13     2    19
  5.3529630171634901E-01 a      1395     1    13     2    20
 -5.6779804184018916E+00 a      1396     1    13     2    21
  5.8132075927134197E-01 a      1397     1    13     2    22
  6.5672126316796553E-01 a      1398     1    13     2    23
 -1.6776086715144847E-01 a      1399     1    13     2    24
  2.3716370082704596E+00 a      1400     1    13     2    25
 -1.3878700558266863E+00 a      1401     1    14     2     1
 -8.8319720554804693E-01 a      1402     1    14     2     2
  2.8529876655018285E+00 a      1403     1    14     2     3
  9.6794352105631132E-01 a      1404     1    14     2     4
  7.7632505658904394E-01 a      1405     1    14     2     5
 -2.3392073252937884E-01 a      1406     1    14     2     6
 -1.2383287199985682E+00 a      1407     1    14     2     7
 -1.4971151266622860E+00 a      1408     1    14     2     8
  1.2945668148368067E-01 a      1409     1    14     2     9
  7.0523051705564521E-01 a      1410     1    14     2    10
 -3.2470970111238845E-01 a      1411     1    14     2    11
 -2.7696977487090968E-01 a      1412     1    14     2    12
  4.8148525191864966E+00 a      1413     1    14     2    13
  1.4487684789446598E+00 a      1414     1    14     2    14
 -4.7138831007400361E-01 a      1415     1    14     2    15
 -6.7386577073094667E-01 a      1416     1    14     2    16
  1.9469832198035109E-01 a      1417     1    14     2    17
 -3.0803255067997826E-01 a      1418     1    14     2    18
  1.0775356544289234E+00 a      1419     1    14     2    19
 -7.2059573278350841E-01 a      1420     1    14     2    20
  4.2496074493380513E+00 a      1421     1    14     2    21
 -9.6664832975127835E-01 a      1422     1    14     2    22
 -4.4190429149809094E-03 a      1423     1    14     2    23
 -6.3482652665678263E-01 a      1424     1    14     2    24
  6.2411549323404198E+00 a      1425     1    14     2    25
  2.1182560911093903E-01 a      1426     1    15     2     1
  2.3444396343795512E-02 a      1427     1    15     2     2
  5.5998038752762227E+00 a      1428     1    15     2     3
 -5.1551876507850269E-01 a      1429     1    15     2     4
  1.5023026228873648E+00 a      1430     1    15     2     5
  3.4424778650354682E-01 a      1431     1    15     2     6
  1.1414630924106570E+01 a      1432     1    15     2     7
  9.9929051864945231E-02 a      1433     1    15     2     8
  2.8262280020700348E-01 a      1434     1    15     2     9
  7.4828929498078312E-01 a      1435     1    15     2    10
 -1.0042474799916619E-01 a      1436     1    15     2    11
  3.7573417653248598E-01 a      1437     1    15     2    12
  4.8997549036728554E+00 a      1438     1    15     2    13
 -2.2578427020276004E-01 a      1439     1    15     2    14
 -2.2879332729854523E-01 a      1440     1    15     2    15
 -3.7360279075682519E-02 a      1441     1    15     2    16
  1.3431743270617060E+00 a      1442     1    15     2    17
 -1.0369636982782757E+00 a      1443     1    15     2    18
  2.1106850380002338E+00 a      1444     1    15     2    19
 -2.3862407923486475E+00 a      1445     1    15     2    20
 -8.3546135815494849E-01 a      1446     1    15     2    21
  1.7280054529698743E-02 a      1447     1    15     2    22
  1.6118111359207161E-02 a      1448     1    15     2    23
 -5.0421225792724367E-01 a      1449     1    15     2    24
 -5.3381130296185555E+00 a      1450     1    15     2    25
 -7.7727638063997173E-01 a      1451     1    16     2     1
 -8.7030126550923592E-01 a      1452     1    16     2     2
 -3.3881101246526235E+00 a      1453     1    16     2     3
 -4.2171776142687567E-01 a      1454     1    16     2     4
  7.2418646037051504E-01 a      1455     1    16     2     5
  1.8089511969740441E-01 a      1456     1    16     2     6
  1.3104428779501904E+00 a      1457     1    16     2     7
  4.2389174699676657E-01 a      1458     1    16     2     8
  6.0256428291630071E-01 a      1459     1    16     2     9
 -1.5894793741427179E-01 a      1460     1    16     2    10
 -8.7604701864382295E-01 a      1461     1    16     2    11
  4.9903629493394364E-01 a      1462     1    16     2    12
 -3.7554438060685458E+00 a      1463     1    16     2    13
 -6.9230601284351212E-01 a      1464     1    16     2    14
  1.4069367091524387E-01 a      1465     1    16     2    15
 -7.9985860505430162E-02 a      1466     1    16     2    16
 -5.5551619922601592E-01 a      1467     1    16     2    17
 -3.3705057935946553E-01 a      1468     1    16     2    18
 -5.2817687592012295E+00 a      1469     1    16     2    19
 -1.3129591269776140E+00 a      1470     1    16     2    20
 -8.9368757003803445E-01 a      1471     1    16     2    21
  5.0129414443963782E-01 a      1472     1    16     2    22
  2.7978921850565314E-01 a      1473     1    16     2    23
 -3.1753707183005625E-01 a      1474     1    16     2    24
 -3.6639163790981861E+00 a      1475     1    16     2    25
 -7.1008772066068704E-01 a      1476     1    17     2     1
  1.1831512520005567E+00 a      1477     1    17     2     2
  4.6770537546098601E-01 a      1478     1    17     2     3
 -1.4667626042979492E-01 a      1479     1    17     2     4
 -9.9235626867978111E-01 a      1480     1    17     2     5
 -3.5911486305394286E-01 a      1481     1    17     2     6
  5.5126861538206784E-02 a      1482     1    17     2     7
 -1.1262543356304926E+00 a      1483     1    17     2     8
  5.2957070971160081E-01 a      1484     1    17     2     9
 -3.3064464148894444E+00 a      1485     1    17     2    10
 -2.1530496760352313E-01 a      1486     1    17     2    11
 -7.2934414538782644E-01 a      1487     1    17     2    12
  1.7865695078936776E+00 a      1488     1    17     2    13
  1.4478154484547863E+00 a      1489     1    17     2    14
 -5.7455354705344519E-01 a      1490     1    17     2    15
 -9.5481607418089887E-01 a      1491     1    17     2    16
  6.2908021218132049E-02 a      1492     1    17     2    17
 -3.1880775470185254E+00 a      1493     1    17     2    18
 -2.0148667293538078E-01 a      1494     1    17     2    19
 -2.9845745579643363E+00 a      1495     1    17     2    20
  1.3969020790478173E+00 a      1496     1    17     2    21
  1.0821723999200477E+00 a      1497     1    17     2    22
 -8.5530234242561132E-01 a      1498     1    17     2    23
 -2.7273369729929153E-01 a      1499     1    17     2    24
 -3.1089848509022309E+00 a      1500     1    17     2    25
 -5.2052808359276002E+00 a      1501     1    18     2     1
  7.6657029383841793E-02 a      1502     1    18     2     2
  3.8267418450200857E-01 a      1503     1    18     2     3
 -4.8036160435546554E-01 a      1504     1    18     2     4
  1.3425940146685331E+00 a      1505     1    18     2     5
  4.9923019501506560E-01 a      1506     1    18     2     6
  4.2498492260756687E-01 a      1507     1    18     2     7
  1.6764493367571802E+00 a      1508     1    18     2     8
 -2.9932009830120525E+00 a      1509     1    18     2     9
  3.3852611239112811E+00 a      1510     1    18     2    10
 -1.0990674365859290E+00 a      1511     1    18     2    11
 -7.5468626960154439E-02 a      1512     1    18     2    12
  5.0070208421083287E+00 a      1513     1    18     2    13
 -1.1015269284589664E+00 a      1514     1    18     2    14
 -1.7629860536379978E+00 a      1515     1    18     2    15
 -1.0799851856686288E-01 a      1516     1    18     2    16
 -8.5725802223650405E-01 a      1517     1    18     2    17
 -3.1679235932436640E+00 a      1518     1    18     2    18
  5.4685428569764190E+00 a      1519     1    18     2    19
 -1.8220910880810746E+00 a      1520     1    18     2    20
  4.3075207544003380E+00 a      1521     1    18     2    21
  1.5701956760812283E+00 a      1522     1    18     2    22
  1.2277174923138678E+00 a      1523     1    18     2    23
 -2.0050086825515395E-01 a      1524     1    18     2    24
  1.2595734691342224E+00 a      1525     1    18     2    25
  2.4898273392586687E+00 a      1526     1    19     2     1
  2.2637606520073943E+00 a      1527     1    19     2     2
  5.1450858266785925E-03 a      1528     1    19     2     3
  1.0799574453609274E-01 a      1529     1    19     2     4
 -2.0047477447701274E+00 a      1530     1    19     2     5
  4.2291287780053388E-01 a      1531     1    19     2     6
  3.2819241510282526E+00 a      1532     1    19     2     7
 -5.1202664543366128E-01 a      1533     1    19     2     8
  2.2473220201714446E+00 a      1534     1    19     2     9
  8.0597241515978121E-02 a      1535     1    19     2    10
 -1.0885028256544595E+00 a      1536     1    19     2    11
  4.5689105648236539E-01 a      1537     1    19     2    12
  2.7708977293908297E+00 a      1538     1    19     2    13
  1.4170939654145183E+00 a      1539     1    19     2    14
 -7.5745975376013774E-01 a      1540     1    19     2    15
  5.8036231078970846E-01 a      1541     1    19     2    16
  1.9695881248991181E+00 a      1542     1    19     2    17
  3.1537224818871885E+00 a      1543     1    19     2    18
 -8.0714950112307982E+00 a      1544     1    19     2    19
  3.1929759068137340E+00 a      1545     1    19     2    20
 -5.6831523719633825E+00 a      1546     1    19     2    21
  7.3501778633741133E-01 a      1547     1    19     2    22
  1.5733596225175128E+00 a      1548     1    19     2    23
 -6.1836958109536289E-01 a      1549     1    19     2    24
 -2.9582810697614272E+00 a      1550     1    19     2    25
 -6.1500743338866459E-01 a      1551     1    20     2     1
 -9.1347648800774306E-01 a      1552     1    20     2     2
  3.8050377823945314E-01 a      1553     1    20     2     3
 -6.9890192022241060E-01 a      1554     1    20     2     4
  1.3169223034251905E+00 a      1555     1    20     2     5
  5.9758027056113572E-01 a      1556     1    20     2     6
 -3.0712740098431905E+00 a      1557     1    20     2     7
 -2.0753028096247428E-01 a      1558     1    20     2     8
  1.2127052605643059E-01 a      1559     1    20     2     9
 -2.8191588323719725E+00 a      1560     1    20     2    10
  4.0685685421824958E-01 a      1561     1    20     2    11
 -9.1136460737176239E-01 a      1562     1    20     2    12
  2.5597531555787292E+00 a      1563     1    20     2    13
  1.9542446789533907E+00 a      1564     1    20     2    14
 -4.8212797731375007E-01 a      1565     1    20     2    15
 -6.2797524408143168E-01 a      1566     1    20     2    16
  9.9171396324395622E-01 a      1567     1    20     2    17
 -1.5539904541997775E+00 a      1568     1    20     2    18
 -2.5161474404101930E-01 a      1569     1    20     2    19
  1.5143183291151185E+00 a      1570     1    20     2    20
  3.7830510457964199E+00 a      1571     1    20     2    21
  8.4131915789119605E-02 a      1572     1    20     2    22
  1.8369256260634928E-01 a      1573     1    20     2    23
  4.6100613329511225E-01 a      1574     1    20     2    24
  5.9568745822033775E-01 a      1575     1    20     2    25
  3.0315750151345906E+00 a      1576     1    21     2     1
 -1.7346788533582311E+00 a      1577     1    21     2     2
 -7.8852058641395317E-01 a      1578     1    21     2     3
  6.5278791399595734E-02 a      1579     1    21     2     4
  8.4949932269995887E-01 a      1580     1    21     2     5
 -3.0584179832806535E-01 a      1581     1    21     2     6
  6.2126227407011445E+00 a      1582     1    21     2     7
  2.7780227732891088E-01 a      1583     1    21     2     8
 -3.1892930295731055E+00 a      1584     1    21     2     9
  3.6068778394322742E+00 a      1585     1    21     2    10
 -2.8649034284713037E-01 a      1586     1    21     2    11
  1.7454967944183178E-01 a      1587     1    21     2    12
  9.1480929086693441E-01 a      1588     1    21     2    13
 -1.1542389282819876E+00 a      1589     1    21     2    14
 -1.6486148933316708E-01 a      1590     1    21     2    15
  1.4312510370410561E+00 a      1591     1    21     2    16
  1.0099010807813398E+00 a      1592     1    21     2    17
 -4.3283879404679665E-01 a      1593     1    21     2    18
  3.7953497418646109E+00 a      1594     1    21     2    19
 -4.0615389515077799E-01 a      1595     1    21     2    20
  1.7516429509936740E+00 a      1596     1    21     2    21
 -3.7017783271778298E-01 a      1597     1    21     2    22
  1.1603964653064172E+00 a      1598     1    21     2    23
  9.0511727264406239E-01 a      1599     1    21     2    24
  1.8278817809031374E+00 a      1600     1    21     2    25
 -1.4756512852766417E+00 a      1601     1    22     2     1
  5.5664037244815145E-01 a      1602     1    22     2     2
 -3.1486109411793577E+00 a      1603     1    22     2     3
  4.7483283664959064E-01 a      1604     1    22     2     4
 -9.8638356159847329E-01 a      1605     1    22     2     5
 -3.3254251922859301E-01 a      1606     1    22     2     6
  4.0429220396989090E+00 a      1607     1    22     2     7
 -3.7629599094589844E-01 a      1608     1    22     2     8
  1.7466565774804415E+00 a      1609     1    22     2     9
 -9.1994876165788284E+00 a      1610     1    22     2    10
  3.0518284370397175E-01 a      1611     1    22     2    11
  8.4743292492017053E-01 a      1612     1    22     2    12
  3.4553678048479513E+00 a      1613     1    22     2    13
  2.7985692510745552E-01 a      1614     1    22     2    14
  3.0496226144872141E-01 a      1615     1    22     2    15
 -1.4542608248851472E+00 a      1616     1    22     2    16
 -4.8486433388056477E-01 a      1617     1    22     2    17
 -8.6881262826978878E-01 a      1618     1    22     2    18
 -5.2862720384296198E+00 a      1619     1    22     2    19
  1.4290829993692884E+00 a      1620     1    22     2    20
 -2.8502270596464951E+00 a      1621     1    22     2    21
 -8.0590743370644424E-01 a      1622     1    22     2    22
  5.5930999415805360E-01 a      1623     1    22     2    23
 -1.0191021795211188E+00 a      1624     1    22     2    24
  7.7444202636165071E-01 a      1625     1    22     2    25
  3.9688335215935671E+00 a      1626     1    23     2     1
  1.4519385993378222E+00 a      1627     1    23     2     2
  2.8508877542000763E+00 a      1628     1    23     2     3
 -5.7425471012895579E-01 a      1629     1    23     2     4
  7.8433091053013304E-01 a      1630     1    23     2     5
 -8.7158621741329689E-01 a      1631     1    23     2     6
 -5.2302181432752475E+00 a      1632     1    23     2     7
  1.8584363007456663E-02 a      1633     1    23     2     8
 -8.1881711762906413E+00 a      1634     1    23     2     9
  3.6985779062936692E+00 a      1635     1    23     2    10
 -2.5102834562997856E-01 a      1636     1    23     2    11
  1.2891779848059972E+00 a      1637     1    23     2    12
  3.1034920992907060E+00 a      1638     1    23     2    13
  1.4038421421638200E-01 a      1639     1    23     2    14
 -2.9349295779770168E+00 a      1640     1    23     2    15
 -1.2049124196763397E-01 a      1641     1    23     2    16
 -4.6834108202460956E-01 a      1642     1    23     2    17
  3.9866159810818904E+00 a      1643     1    23     2    18
  4.8611975594861478E-01 a      1644     1    23     2    19
 -7.9815459588547899E-01 a      1645     1    23     2    20
 -6.3561559837925119E-01 a      1646     1    23     2    21
  1.8868781335766971E+00 a      1647     1    23     2    22
  7.0240019313113460E-03 a      1648     1    23     2    23
 -4.6281802440311398E-01 a      1649     1    23     2    24
  4.1768080233986243E-01 a      1650     1    23     2    25
 -1.6389052533951085E+00 a      1651     1    24     2     1
  1.1706789045445556E+00 a      1652     1    24     2     2
  2.0110553617683804E+00 a      1653     1    24     2     3
 -2.1465736800587448E-01 a      1654     1    24     2     4
  2.6000873778900564E+00 a      1655     1    24     2     5
 -7.1075598650498373E-01 a      1656     1    24     2     6
  4.5484503208878618E-02 a      1657     1    24     2     7
 -1.0240641813372421E-01 a      1658     1    24     2     8
 -9.7934849264602120E-01 a      1659     1    24     2     9
  3.9186753818173168E+00 a      1660     1    24     2    10
 -1.9676074914964942E-01 a      1661     1    24     2    11
 -8.9994048645131419E-01 a      1662     1    24     2    12
  2.1678213861910586E-01 a      1663     1    24     2    13
 -6.5796855685023425E-01 a      1664     1    24     2    14
  4.9234298222477230E-01 a      1665     1    24     2    15
  1.5111049595836212E+00 a      1666     1    24     2    16
  6.9893607810762870E-01 a      1667     1    24     2    17
 -9.1991746073078193E+00 a      1668     1    24     2    18
  3.6225449173253090E+00 a      1669     1    24     2    19
  9.8433875732947915E-02 a      1670     1    24     2    20
  2.3912364873775016E+00 a      1671     1    24     2    21
  9.7229495553676837E-01 a      1672     1    24     2    22
 -8.1275039776132108E-01 a      1673     1    24     2    23
  1.3317688570576460E+00 a      1674     1    24     2    24
  3.6070000024411969E-01 a      1675     1    24     2    25
  4.3860023743853838E-01 a      1676     1    25     2     1
  5.3729383096364736E-01 a      1677     1    25     2     2
 -7.7900933524651758E-02 a      1678     1    25     2     3
  6.8599868129174435E-01 a      1679     1    25     2     4
 -2.7015221133047995E+00 a      1680     1    25     2     5
  1.0877851065437791E+00 a      1681     1    25     2     6
 -2.2039137433714089E+00 a      1682     1    25     2     7
 -2.3878961999221979E+00 a      1683     1    25     2     8
 -1.5194013191965166E+00 a      1684     1    25     2     9
  3.6195967654063703E+00 a      1685     1    25     2    10
  5.7822473810225916E-01 a      1686     1    25     2    11
  7.1930708341002636E-01 a      1687     1    25     2    12
  9.9768300614876709E-02 a      1688     1    25     2    13
  1.3271301588858944E+00 a      1689     1    25     2    14
 -1.8170828548264819E+00 a      1690     1    25     2    15
 -8.2111535379428291E-01 a      1691     1    25     2    16
 -8.0332026467530671E-01 a      1692     1    25     2    17
  1.1727531000230931E+00 a      1693     1    25     2    18
  7.0745741995487707E-02 a      1694     1    25     2    19
 -1.8069100659780728E+00 a      1695     1    25     2    20
  4.1252512300633809E-01 a      1696     1    25     2    21
  1.8022105893007252E+00 a      1697     1    25     2    22
  3.3570815743963554E-02 a      1698     1    25     2    23
 -8.1414105166541273E-01 a      1699     1    25     2    24
 -1.8468695725077739E+00 a      1700     1    25     2    25
 -1.4643409329649109E+00 b      1701     2     1
  5.8536509341221370E+00 b      1702     2     2
  8.3518874695020990E+00 b      1703     2     3
 -1.4305317818873211E+00 b      1704     2     4
  1.6884052336563526E+00 b      1705     2     5
  1.1595999725002266E+00 b      1706     2     6
  1.3099789113577414E+00 b      1707     2     7
 -5.8722733548826032E+00 b      1708     2     8
  1.7787400033072988E+01 b      1709     2     9
  2.5286698100196738E+00 b      1710     2    10
  6.5180139475926591E-01 b      1711     2    11
 -2.7673722221410428E+00 b      1712     2    12
 -3.0455212119282713E+00 b      1713     2    13
  4.4408975385565036E-01 b      1714     2    14
  2.4556770904487175E+00 b      1715     2    15
 -2.1036223860870931E+00 b      1716     2    16
  3.2191141800865579E+00 b      1717     2    17
 -1.8527721181627232E-01 b      1718     2    18
 -3.9077915673685619E+00 b      1719     2    19
  3.5569064715847114E+00 b      1720     2    20
 -9.6979830100741782E-01 b      1721     2    21
 -4.5744672814362746E+00 b      1722     2    22
 -3.1553618089985238E+00 b      1723     2    23
  1.3429299375330703E+00 b      1724     2    24
 -2.6784721129205726E+00 b      1725     2    25
  4.6656271965896212E-01 a      1726     2     1     3     1
 -1.9756363275156550E+00 a      1727     2     2     3     1
  2.9493602320078578E+00 a      1728     2     3     3     1
 -6.5960510545433904E+00 a      1729     2     4     3     1
 -9.3793634998451925E-01 a      1730     2     5     3     1
  3.8474436554471589E+00 a      1731     2     6     3     1
 -1.3515590080219997E-01 a      1732     2     7     3     1
  2.8605680958983384E+00 a      1733     2     8     3     1
 -1.1560203588582560E+00 a      1734     2     9     3     1
 -1.0590897334353255E-01 a      1735     2    10     3     1
 -4.9299305313828787E+00 a      1736     2    11     3     1
 -4.6242798782542387E+00 a      1737     2    12     3     1
  1.6039990203283877E-01 a      1738     2    13     3     1
 -1.8244345549105947E+00 a      1739     2    14     3     1
 -6.8163157661452756E+00 a      1740     2    15     3     1
  4.4470020578153342E+00 a      1741     2    16     3     1
  2.3450281424981942E+00 a      1742     2    17     3     1
  3.9945579911959922E-01 a      1743     2    18     3     1
 -1.5920751545680528E-01 a      1744     2    19     3     1
 -4.9250634680536864E-01 a      1745     2    20     3     1
  6.5348244645443909E-01 a      1746     2    21     3     1
 -2.8564629366371967E+00 a      1747     2    22     3     1
  5.1026749352266672E+00 a      1748     2    23     3     1
  6.3285373187930016E+00 a      1749     2    24     3     1
 -3.6468823262858008E-01 a      1750     2    25     3     1
  7.3144189577747758E+00 b      1751     3     1
